recording_id,subject_id,session_id,gt_start,gt_end,pred_start,pred_end,overlap_seconds,iou,classification,confidence,primary_cue
PDFE01_1,PDFE01,1,1.383,35.768,0.408,65.908,34.385,0.525,TRUE_POSITIVE,0.9599,stride_width
PDFE01_1,PDFE01,1,67.328,105.162,66.208,119.908,37.834,0.7045,TRUE_POSITIVE,0.9654,left_ankle_velocity
PDFE01_1,PDFE01,1,36.696,65.969,,,0.0,0.0,FALSE_NEGATIVE,0.0,None
PDFE01_1,PDFE01,1,106.418,120.0,,,0.0,0.0,FALSE_NEGATIVE,0.0,None
PDFE01_2,PDFE01,2,0.0,46.502,0.008,45.408,45.4,0.9763,TRUE_POSITIVE,0.9125,stride_width
PDFE01_2,PDFE01,2,50.549,120.0,45.508,58.908,8.359,0.1122,TRUE_POSITIVE,0.7739,gyro_x_var
PDFE01_2,PDFE01,2,50.549,120.0,59.108,61.108,2.0,0.0288,FRAGMENTED_OVERLAP,0.6871,gyro_x_var
PDFE01_2,PDFE01,2,50.549,120.0,62.708,64.608,1.9,0.0274,FRAGMENTED_OVERLAP,0.7922,stride_width
PDFE01_2,PDFE01,2,50.549,120.0,64.708,68.608,3.9,0.0562,FRAGMENTED_OVERLAP,0.789,stride_width
PDFE01_2,PDFE01,2,50.549,120.0,74.808,76.408,1.6,0.023,FRAGMENTED_OVERLAP,0.7138,accel_rms
PDFE01_2,PDFE01,2,50.549,120.0,78.208,80.608,2.4,0.0346,FRAGMENTED_OVERLAP,0.6382,accel_rms
PDFE01_2,PDFE01,2,50.549,120.0,80.708,81.908,1.2,0.0173,FRAGMENTED_OVERLAP,0.6298,accel_rms
PDFE01_2,PDFE01,2,50.549,120.0,82.308,84.908,2.6,0.0374,FRAGMENTED_OVERLAP,0.6305,accel_rms
PDFE01_2,PDFE01,2,50.549,120.0,85.208,100.808,15.6,0.2246,FRAGMENTED_OVERLAP,0.8884,stride_width
PDFE01_2,PDFE01,2,50.549,120.0,100.908,115.008,14.1,0.203,FRAGMENTED_OVERLAP,0.8986,stride_width
PDFE01_2,PDFE01,2,50.549,120.0,115.208,119.908,4.7,0.0677,FRAGMENTED_OVERLAP,0.7708,stride_width
PDFE02_1,PDFE02,1,0.024,44.578,2.008,11.608,9.6,0.2155,TRUE_POSITIVE,0.7502,stride_width
PDFE02_1,PDFE02,1,0.024,44.578,12.708,13.808,1.1,0.0247,FRAGMENTED_OVERLAP,0.7021,gyro_x_var
PDFE02_1,PDFE02,1,0.024,44.578,19.508,25.208,5.7,0.1279,FRAGMENTED_OVERLAP,0.7877,accel_rms
PDFE02_1,PDFE02,1,0.024,44.578,29.208,34.608,5.4,0.1212,FRAGMENTED_OVERLAP,0.737,gyro_x_var
PDFE02_1,PDFE02,1,0.024,44.578,36.708,37.708,1.0,0.0224,FRAGMENTED_OVERLAP,0.6578,left_knee_angle
PDFE02_1,PDFE02,1,0.024,44.578,38.208,41.308,3.1,0.0696,FRAGMENTED_OVERLAP,0.7016,right_knee_angle
PDFE02_1,PDFE02,1,0.024,44.578,43.708,44.708,0.87,0.0195,FRAGMENTED_OVERLAP,0.7265,left_knee_angle
PDFE02_1,PDFE02,1,,,49.408,51.708,0.0,0.0,FALSE_POSITIVE,0.8742,accel_rms
PDFE02_1,PDFE02,1,53.817,98.191,54.008,56.108,2.1,0.0473,TRUE_POSITIVE,0.7176,accel_rms
PDFE02_1,PDFE02,1,53.817,98.191,56.208,57.608,1.4,0.0316,FRAGMENTED_OVERLAP,0.8465,left_knee_angle
PDFE02_1,PDFE02,1,53.817,98.191,63.508,64.908,1.4,0.0316,FRAGMENTED_OVERLAP,0.8852,accel_rms
PDFE02_1,PDFE02,1,53.817,98.191,67.108,68.808,1.7,0.0383,FRAGMENTED_OVERLAP,0.7516,left_knee_angle
PDFE02_1,PDFE02,1,53.817,98.191,68.908,69.908,1.0,0.0225,FRAGMENTED_OVERLAP,0.7736,right_knee_angle
PDFE02_1,PDFE02,1,53.817,98.191,76.108,80.808,4.7,0.1059,FRAGMENTED_OVERLAP,0.8009,left_knee_angle
PDFE02_1,PDFE02,1,99.232,110.814,98.508,99.908,0.676,0.0549,TRUE_POSITIVE,0.7072,stride_width
PDFE02_1,PDFE02,1,99.232,110.814,100.008,101.008,1.0,0.0863,FRAGMENTED_OVERLAP,0.6657,left_knee_angle
PDFE02_1,PDFE02,1,99.232,110.814,103.708,105.408,1.7,0.1468,FRAGMENTED_OVERLAP,0.6676,stride_width
PDFE02_1,PDFE02,1,99.232,110.814,107.808,110.508,2.7,0.2331,FRAGMENTED_OVERLAP,0.684,right_knee_angle
PDFE02_1,PDFE02,1,112.948,120.0,112.008,114.308,1.36,0.1702,TRUE_POSITIVE,0.8619,accel_rms
PDFE02_1,PDFE02,1,112.948,120.0,114.408,115.408,1.0,0.1418,FRAGMENTED_OVERLAP,0.7753,stride_width
PDFE03_1,PDFE03,1,35.035,36.286,34.108,36.208,1.173,0.5386,TRUE_POSITIVE,0.7753,gyro_z_var
PDFE03_1,PDFE03,1,,,51.808,53.108,0.0,0.0,FALSE_POSITIVE,0.6769,gyro_z_var
PDFE03_1,PDFE03,1,,,57.808,58.908,0.0,0.0,FALSE_POSITIVE,0.6504,gyro_z_var
PDFE03_1,PDFE03,1,,,63.608,64.808,0.0,0.0,FALSE_POSITIVE,0.6956,gyro_z_var
PDFE03_1,PDFE03,1,,,75.408,76.808,0.0,0.0,FALSE_POSITIVE,0.7748,gyro_z_var
PDFE03_1,PDFE03,1,,,87.608,88.608,0.0,0.0,FALSE_POSITIVE,0.897,gyro_z_var
PDFE03_1,PDFE03,1,,,118.108,119.408,0.0,0.0,FALSE_POSITIVE,0.6837,gyro_z_var
PDFE03_2,PDFE03,2,,,8.008,9.308,0.0,0.0,FALSE_POSITIVE,0.7732,accel_rms
PDFE03_2,PDFE03,2,,,18.008,19.108,0.0,0.0,FALSE_POSITIVE,0.9118,accel_rms
PDFE03_2,PDFE03,2,,,22.508,23.708,0.0,0.0,FALSE_POSITIVE,0.8619,gyro_x_var
PDFE03_2,PDFE03,2,,,27.208,28.308,0.0,0.0,FALSE_POSITIVE,0.6915,accel_rms
PDFE03_2,PDFE03,2,,,31.808,33.408,0.0,0.0,FALSE_POSITIVE,0.8452,right_knee_angle
PDFE03_2,PDFE03,2,,,50.208,51.408,0.0,0.0,FALSE_POSITIVE,0.8988,accel_rms
PDFE03_2,PDFE03,2,,,60.208,61.208,0.0,0.0,FALSE_POSITIVE,0.9782,gyro_x_var
PDFE03_2,PDFE03,2,,,65.108,66.508,0.0,0.0,FALSE_POSITIVE,0.7161,accel_rms
PDFE03_2,PDFE03,2,,,70.408,71.508,0.0,0.0,FALSE_POSITIVE,0.8151,gyro_x_var
PDFE03_2,PDFE03,2,,,75.008,76.508,0.0,0.0,FALSE_POSITIVE,0.7828,accel_rms
PDFE03_2,PDFE03,2,,,85.008,86.408,0.0,0.0,FALSE_POSITIVE,0.6924,accel_rms
PDFE03_2,PDFE03,2,,,90.308,91.608,0.0,0.0,FALSE_POSITIVE,0.8337,accel_rms
PDFE03_2,PDFE03,2,,,95.608,97.108,0.0,0.0,FALSE_POSITIVE,0.7476,gyro_x_var
PDFE03_2,PDFE03,2,,,100.308,101.608,0.0,0.0,FALSE_POSITIVE,0.7726,accel_rms
PDFE03_2,PDFE03,2,,,105.608,107.308,0.0,0.0,FALSE_POSITIVE,0.9068,gyro_x_var
PDFE03_2,PDFE03,2,,,110.408,112.608,0.0,0.0,FALSE_POSITIVE,0.8649,gyro_x_var
PDFE03_2,PDFE03,2,,,116.008,117.408,0.0,0.0,FALSE_POSITIVE,0.8284,accel_rms
PDFE03_3,PDFE03,3,,,14.808,15.908,0.0,0.0,FALSE_POSITIVE,0.7544,accel_rms
PDFE03_3,PDFE03,3,,,52.208,53.208,0.0,0.0,FALSE_POSITIVE,0.7106,accel_rms
PDFE03_3,PDFE03,3,58.216,59.646,57.708,58.708,0.492,0.2539,TRUE_POSITIVE,0.6769,right_knee_angle
PDFE03_3,PDFE03,3,,,75.608,76.608,0.0,0.0,FALSE_POSITIVE,0.7581,accel_rms
PDFE03_3,PDFE03,3,,,81.308,82.508,0.0,0.0,FALSE_POSITIVE,0.7058,gyro_z_var
PDFE03_3,PDFE03,3,,,104.708,105.908,0.0,0.0,FALSE_POSITIVE,0.7498,gyro_z_var
PDFE03_3,PDFE03,3,,,111.008,112.208,0.0,0.0,FALSE_POSITIVE,0.8019,gyro_z_var
PDFE04_1,PDFE04,1,,,43.808,45.408,0.0,0.0,FALSE_POSITIVE,0.8166,gyro_z_var
PDFE04_1,PDFE04,1,,,67.808,68.808,0.0,0.0,FALSE_POSITIVE,0.6158,gyro_z_var
PDFE04_1,PDFE04,1,,,71.308,76.608,0.0,0.0,FALSE_POSITIVE,0.9236,accel_rms
PDFE04_1,PDFE04,1,86.758,89.292,87.608,88.908,1.3,0.513,TRUE_POSITIVE,0.8484,gyro_z_var
PDFE04_1,PDFE04,1,92.866,95.469,94.508,95.608,0.961,0.3505,TRUE_POSITIVE,0.7587,gyro_z_var
PDFE04_1,PDFE04,1,,,96.608,98.508,0.0,0.0,FALSE_POSITIVE,0.8093,accel_rms
PDFE04_1,PDFE04,1,103.725,104.662,101.108,104.508,0.783,0.2203,TRUE_POSITIVE,0.9006,accel_rms
PDFE04_1,PDFE04,1,,,106.208,107.908,0.0,0.0,FALSE_POSITIVE,0.8853,gyro_z_var
PDFE04_1,PDFE04,1,110.244,113.133,108.608,110.508,0.264,0.0583,TRUE_POSITIVE,0.7592,gyro_z_var
PDFE04_1,PDFE04,1,110.244,113.133,112.108,113.108,1.0,0.3461,FRAGMENTED_OVERLAP,0.6442,gyro_z_var
PDFE04_1,PDFE04,1,34.613,35.744,,,0.0,0.0,FALSE_NEGATIVE,0.0,None
PDFE04_1,PDFE04,1,48.299,49.882,,,0.0,0.0,FALSE_NEGATIVE,0.0,None
PDFE04_1,PDFE04,1,58.567,59.89,,,0.0,0.0,FALSE_NEGATIVE,0.0,None
PDFE04_1,PDFE04,1,62.438,66.397,,,0.0,0.0,FALSE_NEGATIVE,0.0,None
PDFE05_1,PDFE05,1,,,48.208,49.608,0.0,0.0,FALSE_POSITIVE,0.9746,gyro_z_var
PDFE05_1,PDFE05,1,55.637,58.816,58.708,59.708,0.108,0.0265,TRUE_POSITIVE,0.6383,stride_width
PDFE05_1,PDFE05,1,,,77.608,78.608,0.0,0.0,FALSE_POSITIVE,0.6966,gyro_z_var
PDFE05_1,PDFE05,1,84.866,85.431,83.208,85.408,0.542,0.2438,TRUE_POSITIVE,0.9163,gyro_z_var
PDFE05_1,PDFE05,1,88.892,90.623,87.608,88.908,0.016,0.0053,TRUE_POSITIVE,0.8462,gyro_z_var
PDFE05_1,PDFE05,1,,,95.708,97.008,0.0,0.0,FALSE_POSITIVE,0.9468,gyro_z_var
PDFE05_1,PDFE05,1,104.125,107.966,107.308,108.808,0.658,0.1405,TRUE_POSITIVE,0.7853,gyro_z_var
PDFE05_1,PDFE05,1,111.721,114.235,111.208,113.908,2.187,0.7225,TRUE_POSITIVE,0.9219,gyro_z_var
PDFE05_1,PDFE05,1,,,116.408,117.608,0.0,0.0,FALSE_POSITIVE,0.7642,gyro_z_var
PDFE05_2,PDFE05,2,,,38.708,39.908,0.0,0.0,FALSE_POSITIVE,0.6541,gyro_z_var
PDFE05_2,PDFE05,2,,,48.808,50.008,0.0,0.0,FALSE_POSITIVE,0.7495,gyro_z_var
PDFE05_2,PDFE05,2,53.753,54.65,53.308,54.608,0.855,0.6371,TRUE_POSITIVE,0.8428,right_knee_angle
PDFE05_2,PDFE05,2,,,62.108,63.808,0.0,0.0,FALSE_POSITIVE,0.7861,gyro_z_var
PDFE05_2,PDFE05,2,,,69.208,70.708,0.0,0.0,FALSE_POSITIVE,0.7874,stride_width
PDFE05_2,PDFE05,2,,,79.908,81.308,0.0,0.0,FALSE_POSITIVE,0.62,gyro_z_var
PDFE05_2,PDFE05,2,,,83.908,84.908,0.0,0.0,FALSE_POSITIVE,0.7527,gyro_z_var
PDFE05_2,PDFE05,2,,,94.808,96.208,0.0,0.0,FALSE_POSITIVE,0.9446,gyro_z_var
PDFE05_2,PDFE05,2,,,101.908,102.908,0.0,0.0,FALSE_POSITIVE,0.6614,gyro_z_var
PDFE05_2,PDFE05,2,111.859,115.383,110.008,112.908,1.049,0.1952,TRUE_POSITIVE,0.833,gyro_z_var
PDFE05_2,PDFE05,2,9.659,37.609,,,0.0,0.0,FALSE_NEGATIVE,0.0,None
PDFE05_2,PDFE05,2,56.187,58.492,,,0.0,0.0,FALSE_NEGATIVE,0.0,None
PDFE05_2,PDFE05,2,89.629,92.339,,,0.0,0.0,FALSE_NEGATIVE,0.0,None
PDFE06_1,PDFE06,1,,,96.808,97.808,0.0,0.0,FALSE_POSITIVE,0.8158,gyro_x_var
PDFE06_1,PDFE06,1,112.224,114.486,111.008,112.708,0.484,0.1392,TRUE_POSITIVE,0.8533,gyro_x_var
PDFE06_1,PDFE06,1,112.224,114.486,112.908,114.708,1.578,0.6353,FRAGMENTED_OVERLAP,0.8892,gyro_x_var
PDFE06_2,PDFE06,2,,,69.208,70.208,0.0,0.0,FALSE_POSITIVE,0.7891,gyro_x_var
PDFE07_1,PDFE07,1,0.0,120.0,39.608,40.608,1.0,0.0083,TRUE_POSITIVE,0.6179,accel_rms
PDFE07_1,PDFE07,1,0.0,120.0,49.308,50.308,1.0,0.0083,FRAGMENTED_OVERLAP,0.6178,right_ankle_velocity
PDFE07_1,PDFE07,1,0.0,120.0,53.808,54.808,1.0,0.0083,FRAGMENTED_OVERLAP,0.6073,stride_width
PDFE07_1,PDFE07,1,0.0,120.0,99.408,101.308,1.9,0.0158,FRAGMENTED_OVERLAP,0.8378,accel_rms
PDFE07_2,PDFE07,2,0.332,61.209,36.808,38.608,1.8,0.0296,TRUE_POSITIVE,0.7209,accel_rms
PDFE07_2,PDFE07,2,,,62.008,63.008,0.0,0.0,FALSE_POSITIVE,0.7162,left_knee_angle
PDFE07_2,PDFE07,2,65.504,120.0,92.308,93.308,1.0,0.0183,TRUE_POSITIVE,0.6171,right_ankle_velocity
PDFE07_3,PDFE07,3,0.0,120.0,7.408,8.408,1.0,0.0083,TRUE_POSITIVE,0.6671,accel_rms
PDFE07_3,PDFE07,3,0.0,120.0,35.508,36.608,1.1,0.0092,FRAGMENTED_OVERLAP,0.6386,stride_width
PDFE08_1,PDFE08,1,,,0.108,1.108,0.0,0.0,FALSE_POSITIVE,0.6048,right_ankle_velocity
PDFE08_1,PDFE08,1,3.666,25.872,2.208,8.008,4.342,0.1835,TRUE_POSITIVE,0.7815,stride_width
PDFE08_1,PDFE08,1,3.666,25.872,8.608,11.008,2.4,0.1081,FRAGMENTED_OVERLAP,0.6941,stride_width
PDFE08_1,PDFE08,1,3.666,25.872,11.208,12.508,1.3,0.0585,FRAGMENTED_OVERLAP,0.7053,stride_width
PDFE08_1,PDFE08,1,3.666,25.872,14.008,16.208,2.2,0.0991,FRAGMENTED_OVERLAP,0.6844,gyro_x_var
PDFE08_1,PDFE08,1,3.666,25.872,22.008,27.508,3.864,0.1621,FRAGMENTED_OVERLAP,0.765,left_ankle_velocity
PDFE08_1,PDFE08,1,,,27.608,28.808,0.0,0.0,FALSE_POSITIVE,0.7322,right_ankle_velocity
PDFE08_1,PDFE08,1,30.15,32.346,28.908,32.608,2.196,0.5935,TRUE_POSITIVE,0.8444,accel_rms
PDFE08_1,PDFE08,1,34.816,41.713,33.408,41.308,6.492,0.7817,TRUE_POSITIVE,0.8573,right_knee_angle
PDFE08_1,PDFE08,1,,,42.008,46.608,0.0,0.0,FALSE_POSITIVE,0.8535,left_ankle_velocity
PDFE08_1,PDFE08,1,50.922,61.909,49.508,57.108,6.186,0.4988,TRUE_POSITIVE,0.8323,stride_width
PDFE08_1,PDFE08,1,50.922,61.909,57.808,62.708,4.101,0.348,FRAGMENTED_OVERLAP,0.7847,left_ankle_velocity
PDFE08_1,PDFE08,1,,,63.008,65.608,0.0,0.0,FALSE_POSITIVE,0.7177,accel_rms
PDFE08_1,PDFE08,1,70.335,78.372,66.908,75.908,5.573,0.4861,TRUE_POSITIVE,0.8348,left_ankle_velocity
PDFE08_1,PDFE08,1,70.335,78.372,76.008,80.408,2.364,0.2347,FRAGMENTED_OVERLAP,0.9342,right_ankle_velocity
PDFE08_1,PDFE08,1,83.367,101.186,82.008,90.108,6.741,0.3515,TRUE_POSITIVE,0.8235,right_ankle_velocity
PDFE08_1,PDFE08,1,83.367,101.186,90.408,93.908,3.5,0.1964,FRAGMENTED_OVERLAP,0.8358,left_knee_angle
PDFE08_1,PDFE08,1,83.367,101.186,94.108,95.508,1.4,0.0786,FRAGMENTED_OVERLAP,0.8735,left_ankle_velocity
PDFE08_1,PDFE08,1,83.367,101.186,98.008,99.908,1.9,0.1066,FRAGMENTED_OVERLAP,0.6709,stride_width
PDFE08_1,PDFE08,1,83.367,101.186,101.008,102.308,0.178,0.0094,FRAGMENTED_OVERLAP,0.8731,right_knee_angle
PDFE08_1,PDFE08,1,106.372,120.0,103.408,109.208,2.836,0.1709,TRUE_POSITIVE,0.8022,left_knee_angle
PDFE08_1,PDFE08,1,106.372,120.0,109.908,111.708,1.8,0.1321,FRAGMENTED_OVERLAP,0.7649,accel_rms
PDFE08_1,PDFE08,1,106.372,120.0,113.008,116.408,3.4,0.2495,FRAGMENTED_OVERLAP,0.7902,right_ankle_velocity
PDFE08_1,PDFE08,1,106.372,120.0,116.508,119.908,3.4,0.2495,FRAGMENTED_OVERLAP,0.8418,left_ankle_velocity
PDFE09_1,PDFE09,1,,,10.108,11.108,0.0,0.0,FALSE_POSITIVE,0.6377,gyro_z_var
PDFE09_1,PDFE09,1,,,17.008,18.008,0.0,0.0,FALSE_POSITIVE,0.6546,gyro_z_var
PDFE09_1,PDFE09,1,,,48.608,49.708,0.0,0.0,FALSE_POSITIVE,0.6492,gyro_z_var
PDFE09_2,PDFE09,2,,,3.908,4.908,0.0,0.0,FALSE_POSITIVE,0.7826,gyro_z_var
PDFE09_2,PDFE09,2,,,8.908,10.908,0.0,0.0,FALSE_POSITIVE,0.6876,gyro_z_var
PDFE09_2,PDFE09,2,,,11.208,12.208,0.0,0.0,FALSE_POSITIVE,0.6513,gyro_z_var
PDFE09_2,PDFE09,2,,,17.008,18.708,0.0,0.0,FALSE_POSITIVE,0.8558,gyro_z_var
PDFE09_2,PDFE09,2,,,22.608,24.308,0.0,0.0,FALSE_POSITIVE,0.6805,gyro_z_var
PDFE09_2,PDFE09,2,,,28.908,30.708,0.0,0.0,FALSE_POSITIVE,0.9508,gyro_z_var
PDFE09_2,PDFE09,2,,,34.508,36.408,0.0,0.0,FALSE_POSITIVE,0.8472,gyro_z_var
PDFE09_2,PDFE09,2,,,41.508,43.508,0.0,0.0,FALSE_POSITIVE,0.8355,gyro_z_var
PDFE09_2,PDFE09,2,,,43.808,45.608,0.0,0.0,FALSE_POSITIVE,0.6905,gyro_z_var
PDFE09_2,PDFE09,2,,,51.808,52.808,0.0,0.0,FALSE_POSITIVE,0.7958,gyro_z_var
PDFE09_2,PDFE09,2,53.528,65.385,56.808,58.608,1.8,0.1518,TRUE_POSITIVE,0.8072,gyro_z_var
PDFE09_2,PDFE09,2,53.528,65.385,61.608,62.708,1.1,0.0928,FRAGMENTED_OVERLAP,0.7959,gyro_z_var
PDFE09_2,PDFE09,2,53.528,65.385,63.408,65.508,1.977,0.165,FRAGMENTED_OVERLAP,0.7047,gyro_z_var
PDFE09_2,PDFE09,2,,,66.108,67.108,0.0,0.0,FALSE_POSITIVE,0.6122,gyro_z_var
PDFE09_2,PDFE09,2,,,67.708,68.708,0.0,0.0,FALSE_POSITIVE,0.6012,gyro_z_var
PDFE09_2,PDFE09,2,,,69.508,70.508,0.0,0.0,FALSE_POSITIVE,0.602,gyro_z_var
PDFE09_2,PDFE09,2,,,76.108,77.108,0.0,0.0,FALSE_POSITIVE,0.8761,gyro_z_var
PDFE09_2,PDFE09,2,,,83.908,86.808,0.0,0.0,FALSE_POSITIVE,0.7706,gyro_z_var
PDFE09_2,PDFE09,2,89.455,93.765,91.908,94.808,1.857,0.3469,TRUE_POSITIVE,0.7696,gyro_z_var
PDFE09_2,PDFE09,2,,,95.908,96.908,0.0,0.0,FALSE_POSITIVE,0.6227,gyro_z_var
PDFE09_2,PDFE09,2,,,103.108,104.108,0.0,0.0,FALSE_POSITIVE,0.7269,left_knee_angle
PDFE09_2,PDFE09,2,,,105.008,106.008,0.0,0.0,FALSE_POSITIVE,0.75,gyro_z_var
PDFE09_2,PDFE09,2,,,111.308,112.308,0.0,0.0,FALSE_POSITIVE,0.6007,left_knee_angle
PDFE09_2,PDFE09,2,24.635,26.982,,,0.0,0.0,FALSE_NEGATIVE,0.0,None
PDFE09_2,PDFE09,2,99.459,101.764,,,0.0,0.0,FALSE_NEGATIVE,0.0,None
PDFE10_2,PDFE10,2,,,7.208,8.208,0.0,0.0,FALSE_POSITIVE,0.8941,gyro_z_var
PDFE10_2,PDFE10,2,,,50.408,51.408,0.0,0.0,FALSE_POSITIVE,0.6868,gyro_z_var
PDFE11_1,PDFE11,1,,,17.508,18.708,0.0,0.0,FALSE_POSITIVE,0.7581,left_knee_angle
PDFE11_1,PDFE11,1,,,21.708,22.808,0.0,0.0,FALSE_POSITIVE,0.6395,right_knee_angle
PDFE11_1,PDFE11,1,,,41.108,42.408,0.0,0.0,FALSE_POSITIVE,0.6561,gyro_z_var
PDFE11_1,PDFE11,1,,,45.108,46.108,0.0,0.0,FALSE_POSITIVE,0.7102,gyro_z_var
PDFE11_1,PDFE11,1,,,56.108,57.108,0.0,0.0,FALSE_POSITIVE,0.9202,gyro_z_var
PDFE11_1,PDFE11,1,,,60.008,61.408,0.0,0.0,FALSE_POSITIVE,0.8189,gyro_z_var
PDFE11_1,PDFE11,1,,,71.408,72.408,0.0,0.0,FALSE_POSITIVE,0.9004,gyro_z_var
PDFE11_1,PDFE11,1,,,75.208,76.208,0.0,0.0,FALSE_POSITIVE,0.7397,left_ankle_velocity
PDFE11_1,PDFE11,1,,,78.808,79.908,0.0,0.0,FALSE_POSITIVE,0.7789,gyro_z_var
PDFE11_1,PDFE11,1,,,82.608,83.608,0.0,0.0,FALSE_POSITIVE,0.9684,gyro_z_var
PDFE11_1,PDFE11,1,,,86.208,87.508,0.0,0.0,FALSE_POSITIVE,0.7589,gyro_z_var
PDFE11_1,PDFE11,1,,,93.608,94.908,0.0,0.0,FALSE_POSITIVE,0.682,gyro_z_var
PDFE11_1,PDFE11,1,,,97.808,98.808,0.0,0.0,FALSE_POSITIVE,0.8638,gyro_z_var
PDFE11_1,PDFE11,1,,,101.408,102.508,0.0,0.0,FALSE_POSITIVE,0.7068,gyro_z_var
PDFE11_1,PDFE11,1,,,109.308,110.308,0.0,0.0,FALSE_POSITIVE,0.6888,gyro_z_var
PDFE11_1,PDFE11,1,,,113.408,114.408,0.0,0.0,FALSE_POSITIVE,0.9446,gyro_z_var
PDFE11_1,PDFE11,1,,,117.408,118.908,0.0,0.0,FALSE_POSITIVE,0.7808,gyro_z_var
PDFE11_2,PDFE11,2,,,1.708,2.908,0.0,0.0,FALSE_POSITIVE,0.8653,gyro_x_var
PDFE11_2,PDFE11,2,,,8.608,9.908,0.0,0.0,FALSE_POSITIVE,0.9555,left_knee_angle
PDFE11_2,PDFE11,2,17.655,19.47,16.808,17.908,0.253,0.095,TRUE_POSITIVE,0.6509,stride_width
PDFE11_2,PDFE11,2,,,20.708,22.008,0.0,0.0,FALSE_POSITIVE,0.8534,left_knee_angle
PDFE11_2,PDFE11,2,,,28.308,30.008,0.0,0.0,FALSE_POSITIVE,0.839,right_knee_angle
PDFE11_2,PDFE11,2,,,32.408,33.608,0.0,0.0,FALSE_POSITIVE,0.9269,left_ankle_velocity
PDFE11_2,PDFE11,2,,,36.008,37.308,0.0,0.0,FALSE_POSITIVE,0.7879,right_knee_angle
PDFE11_2,PDFE11,2,,,40.108,41.108,0.0,0.0,FALSE_POSITIVE,0.7993,gyro_x_var
PDFE11_2,PDFE11,2,,,47.708,49.108,0.0,0.0,FALSE_POSITIVE,0.8632,left_ankle_velocity
PDFE11_2,PDFE11,2,,,51.708,53.008,0.0,0.0,FALSE_POSITIVE,0.8228,gyro_x_var
PDFE11_2,PDFE11,2,,,67.808,69.308,0.0,0.0,FALSE_POSITIVE,0.9168,left_knee_angle
PDFE11_2,PDFE11,2,73.271,75.085,72.408,73.808,0.537,0.2006,TRUE_POSITIVE,0.7683,gyro_x_var
PDFE11_2,PDFE11,2,81.596,95.242,80.808,83.308,1.712,0.1186,TRUE_POSITIVE,0.8398,gyro_x_var
PDFE11_2,PDFE11,2,81.596,95.242,86.808,94.708,7.9,0.5789,FRAGMENTED_OVERLAP,0.8746,gyro_x_var
PDFE11_2,PDFE11,2,98.749,112.019,97.308,111.008,12.259,0.8333,TRUE_POSITIVE,0.9296,gyro_x_var
PDFE11_2,PDFE11,2,,,113.708,116.408,0.0,0.0,FALSE_POSITIVE,0.9149,gyro_x_var
PDFE12_1,PDFE12,1,,,5.508,7.108,0.0,0.0,FALSE_POSITIVE,0.9087,gyro_z_var
PDFE12_1,PDFE12,1,,,12.608,13.908,0.0,0.0,FALSE_POSITIVE,0.7618,gyro_z_var
PDFE12_1,PDFE12,1,,,20.508,21.508,0.0,0.0,FALSE_POSITIVE,0.6369,right_knee_angle
PDFE12_1,PDFE12,1,,,56.508,57.508,0.0,0.0,FALSE_POSITIVE,0.6757,gyro_z_var
PDFE12_1,PDFE12,1,,,61.708,62.908,0.0,0.0,FALSE_POSITIVE,0.6082,gyro_z_var
PDFE12_1,PDFE12,1,,,89.908,91.008,0.0,0.0,FALSE_POSITIVE,0.6681,gyro_z_var
PDFE12_1,PDFE12,1,,,103.808,105.608,0.0,0.0,FALSE_POSITIVE,0.6737,gyro_z_var
PDFE13_1,PDFE13,1,,,1.208,2.508,0.0,0.0,FALSE_POSITIVE,0.8222,left_ankle_velocity
PDFE13_1,PDFE13,1,,,2.708,4.908,0.0,0.0,FALSE_POSITIVE,0.88,stride_width
PDFE13_1,PDFE13,1,,,5.308,6.408,0.0,0.0,FALSE_POSITIVE,0.67,gyro_x_var
PDFE13_1,PDFE13,1,,,6.908,10.508,0.0,0.0,FALSE_POSITIVE,0.8827,left_knee_angle
PDFE13_1,PDFE13,1,,,10.708,11.908,0.0,0.0,FALSE_POSITIVE,0.834,right_knee_angle
PDFE13_1,PDFE13,1,,,12.308,14.708,0.0,0.0,FALSE_POSITIVE,0.8544,right_ankle_velocity
PDFE13_1,PDFE13,1,,,15.208,16.208,0.0,0.0,FALSE_POSITIVE,0.9792,right_knee_angle
PDFE13_1,PDFE13,1,,,16.808,18.608,0.0,0.0,FALSE_POSITIVE,0.7903,right_knee_angle
PDFE13_1,PDFE13,1,,,18.908,22.008,0.0,0.0,FALSE_POSITIVE,0.8424,right_knee_angle
PDFE13_1,PDFE13,1,,,22.408,25.108,0.0,0.0,FALSE_POSITIVE,0.8852,right_knee_angle
PDFE13_1,PDFE13,1,,,25.508,26.708,0.0,0.0,FALSE_POSITIVE,0.8262,stride_width
PDFE13_1,PDFE13,1,,,27.108,36.508,0.0,0.0,FALSE_POSITIVE,0.8552,right_knee_angle
PDFE13_1,PDFE13,1,,,36.808,38.208,0.0,0.0,FALSE_POSITIVE,0.7849,left_knee_angle
PDFE13_1,PDFE13,1,,,38.408,40.108,0.0,0.0,FALSE_POSITIVE,0.7516,left_knee_angle
PDFE13_1,PDFE13,1,,,40.308,43.608,0.0,0.0,FALSE_POSITIVE,0.8707,left_knee_angle
PDFE13_1,PDFE13,1,,,43.708,51.908,0.0,0.0,FALSE_POSITIVE,0.7932,right_knee_angle
PDFE13_1,PDFE13,1,,,52.508,58.608,0.0,0.0,FALSE_POSITIVE,0.8269,left_knee_angle
PDFE13_1,PDFE13,1,,,59.108,65.608,0.0,0.0,FALSE_POSITIVE,0.7946,right_knee_angle
PDFE13_1,PDFE13,1,,,66.008,76.308,0.0,0.0,FALSE_POSITIVE,0.8741,left_knee_angle
PDFE13_1,PDFE13,1,,,76.808,80.608,0.0,0.0,FALSE_POSITIVE,0.831,right_knee_angle
PDFE13_1,PDFE13,1,,,80.908,82.708,0.0,0.0,FALSE_POSITIVE,0.9334,gyro_z_var
PDFE13_1,PDFE13,1,,,82.908,90.408,0.0,0.0,FALSE_POSITIVE,0.8395,right_ankle_velocity
PDFE13_1,PDFE13,1,,,90.708,92.108,0.0,0.0,FALSE_POSITIVE,0.8791,right_ankle_velocity
PDFE13_1,PDFE13,1,,,92.308,103.808,0.0,0.0,FALSE_POSITIVE,0.8515,left_knee_angle
PDFE13_1,PDFE13,1,,,104.108,119.808,0.0,0.0,FALSE_POSITIVE,0.8285,right_knee_angle
PDFE14_1,PDFE14,1,,,8.108,9.808,0.0,0.0,FALSE_POSITIVE,0.8326,accel_rms
PDFE14_1,PDFE14,1,,,12.408,13.908,0.0,0.0,FALSE_POSITIVE,0.8957,gyro_z_var
PDFE14_1,PDFE14,1,,,17.408,19.408,0.0,0.0,FALSE_POSITIVE,0.9435,accel_rms
PDFE14_1,PDFE14,1,,,22.308,24.208,0.0,0.0,FALSE_POSITIVE,0.8178,accel_rms
PDFE14_1,PDFE14,1,,,26.808,27.808,0.0,0.0,FALSE_POSITIVE,0.6088,left_ankle_velocity
PDFE14_1,PDFE14,1,,,28.208,30.308,0.0,0.0,FALSE_POSITIVE,0.9152,accel_rms
PDFE14_1,PDFE14,1,35.546,37.531,33.708,36.608,1.062,0.2778,TRUE_POSITIVE,0.8754,gyro_z_var
PDFE14_1,PDFE14,1,,,40.208,42.208,0.0,0.0,FALSE_POSITIVE,0.8959,accel_rms
PDFE14_1,PDFE14,1,44.613,48.048,45.808,49.408,2.24,0.4672,TRUE_POSITIVE,0.7667,gyro_z_var
PDFE14_1,PDFE14,1,,,52.908,54.908,0.0,0.0,FALSE_POSITIVE,0.8815,accel_rms
PDFE14_1,PDFE14,1,57.642,60.928,59.708,61.608,1.22,0.3076,TRUE_POSITIVE,0.8988,gyro_z_var
PDFE14_1,PDFE14,1,,,64.308,65.308,0.0,0.0,FALSE_POSITIVE,0.6193,accel_rms
PDFE14_1,PDFE14,1,68.209,70.491,66.208,68.508,0.299,0.0698,TRUE_POSITIVE,0.9701,gyro_z_var
PDFE14_1,PDFE14,1,,,72.908,74.608,0.0,0.0,FALSE_POSITIVE,0.8715,gyro_z_var
PDFE14_1,PDFE14,1,81.059,83.406,79.308,81.508,0.449,0.1096,TRUE_POSITIVE,0.9414,gyro_z_var
PDFE14_1,PDFE14,1,85.502,87.664,86.108,89.408,1.556,0.3984,TRUE_POSITIVE,0.852,gyro_z_var
PDFE14_1,PDFE14,1,90.065,92.434,89.708,91.208,1.143,0.4193,TRUE_POSITIVE,0.7768,gyro_z_var
PDFE14_1,PDFE14,1,95.95,97.27,92.408,96.408,0.458,0.0942,TRUE_POSITIVE,0.8683,accel_rms
PDFE14_1,PDFE14,1,102.915,106.201,100.108,104.408,1.493,0.245,TRUE_POSITIVE,0.8864,gyro_z_var
PDFE14_1,PDFE14,1,102.915,106.201,105.408,110.608,0.793,0.1031,FRAGMENTED_OVERLAP,0.8753,gyro_z_var
PDFE14_1,PDFE14,1,115.284,120.0,114.608,119.908,4.624,0.8576,TRUE_POSITIVE,0.9325,gyro_z_var
PDFE14_1,PDFE14,1,9.847,11.288,,,0.0,0.0,FALSE_NEGATIVE,0.0,None
PDFE14_1,PDFE14,1,19.454,20.436,,,0.0,0.0,FALSE_NEGATIVE,0.0,None
PDFE14_1,PDFE14,1,30.382,31.684,,,0.0,0.0,FALSE_NEGATIVE,0.0,None
PDFE14_1,PDFE14,1,49.116,50.717,,,0.0,0.0,FALSE_NEGATIVE,0.0,None
PDFE14_1,PDFE14,1,110.96,112.518,,,0.0,0.0,FALSE_NEGATIVE,0.0,None
PDFE14_2,PDFE14,2,,,2.308,3.408,0.0,0.0,FALSE_POSITIVE,0.7315,gyro_z_var
PDFE14_2,PDFE14,2,,,6.308,7.408,0.0,0.0,FALSE_POSITIVE,0.6217,gyro_z_var
PDFE14_2,PDFE14,2,11.938,13.265,10.808,12.508,0.57,0.232,TRUE_POSITIVE,0.9118,accel_rms
PDFE14_2,PDFE14,2,,,15.308,16.908,0.0,0.0,FALSE_POSITIVE,0.97,accel_rms
PDFE14_2,PDFE14,2,,,19.608,21.908,0.0,0.0,FALSE_POSITIVE,0.8255,accel_rms
PDFE14_2,PDFE14,2,,,25.108,26.908,0.0,0.0,FALSE_POSITIVE,0.8518,gyro_z_var
PDFE14_2,PDFE14,2,,,30.008,32.608,0.0,0.0,FALSE_POSITIVE,0.7873,accel_rms
PDFE14_2,PDFE14,2,,,36.408,38.508,0.0,0.0,FALSE_POSITIVE,0.7269,gyro_z_var
PDFE14_2,PDFE14,2,,,41.908,43.508,0.0,0.0,FALSE_POSITIVE,0.8058,accel_rms
PDFE14_2,PDFE14,2,,,46.508,48.408,0.0,0.0,FALSE_POSITIVE,0.8877,right_knee_angle
PDFE14_2,PDFE14,2,54.144,56.449,52.708,55.208,1.064,0.2844,TRUE_POSITIVE,0.7866,right_knee_angle
PDFE14_2,PDFE14,2,,,58.108,60.808,0.0,0.0,FALSE_POSITIVE,0.8318,gyro_z_var
PDFE14_2,PDFE14,2,65.962,68.856,64.608,68.008,2.046,0.4816,TRUE_POSITIVE,0.8849,accel_rms
PDFE14_2,PDFE14,2,,,72.108,73.508,0.0,0.0,FALSE_POSITIVE,0.6379,right_knee_angle
PDFE14_2,PDFE14,2,80.07,82.247,78.208,80.708,0.638,0.158,TRUE_POSITIVE,0.8016,accel_rms
PDFE14_2,PDFE14,2,86.549,88.235,84.708,87.208,0.659,0.1868,TRUE_POSITIVE,0.8627,gyro_z_var
PDFE14_2,PDFE14,2,93.456,94.63,91.108,93.508,0.052,0.0148,TRUE_POSITIVE,0.8475,accel_rms
PDFE14_2,PDFE14,2,,,97.108,99.008,0.0,0.0,FALSE_POSITIVE,0.9379,left_knee_angle
PDFE14_2,PDFE14,2,,,101.808,103.008,0.0,0.0,FALSE_POSITIVE,0.6813,gyro_x_var
PDFE14_2,PDFE14,2,,,103.108,105.208,0.0,0.0,FALSE_POSITIVE,0.8205,right_knee_angle
PDFE14_2,PDFE14,2,109.675,111.362,110.708,112.508,0.654,0.2309,TRUE_POSITIVE,0.8069,right_knee_angle
PDFE14_2,PDFE14,2,113.594,117.515,112.708,114.208,0.614,0.1277,TRUE_POSITIVE,0.7615,stride_width
PDFE14_2,PDFE14,2,113.594,117.515,117.208,119.908,0.307,0.0486,FRAGMENTED_OVERLAP,0.8206,accel_rms
PDFE14_2,PDFE14,2,44.497,46.185,,,0.0,0.0,FALSE_NEGATIVE,0.0,None
PDFE14_2,PDFE14,2,105.394,106.653,,,0.0,0.0,FALSE_NEGATIVE,0.0,None
PDFE14_3,PDFE14,3,,,3.308,4.908,0.0,0.0,FALSE_POSITIVE,0.9722,gyro_z_var
PDFE14_3,PDFE14,3,9.623,10.826,8.008,9.808,0.185,0.0656,TRUE_POSITIVE,0.8395,right_knee_angle
PDFE14_3,PDFE14,3,,,12.808,14.208,0.0,0.0,FALSE_POSITIVE,0.7286,right_knee_angle
PDFE14_3,PDFE14,3,,,17.908,19.608,0.0,0.0,FALSE_POSITIVE,0.7819,gyro_z_var
PDFE14_3,PDFE14,3,,,23.208,24.708,0.0,0.0,FALSE_POSITIVE,0.7904,gyro_z_var
PDFE14_3,PDFE14,3,29.23,32.58,28.008,30.208,0.978,0.2139,TRUE_POSITIVE,0.8476,accel_rms
PDFE14_3,PDFE14,3,,,33.808,36.108,0.0,0.0,FALSE_POSITIVE,0.8882,gyro_z_var
PDFE14_3,PDFE14,3,,,39.108,40.908,0.0,0.0,FALSE_POSITIVE,0.8021,right_knee_angle
PDFE14_3,PDFE14,3,41.98,44.199,43.508,44.508,0.691,0.2733,TRUE_POSITIVE,0.7352,left_knee_angle
PDFE14_3,PDFE14,3,,,45.308,47.408,0.0,0.0,FALSE_POSITIVE,0.799,gyro_z_var
PDFE14_3,PDFE14,3,53.047,55.522,51.108,53.408,0.361,0.0818,TRUE_POSITIVE,0.7905,accel_rms
PDFE14_3,PDFE14,3,,,57.108,59.108,0.0,0.0,FALSE_POSITIVE,0.8371,gyro_z_var
PDFE14_3,PDFE14,3,64.354,66.759,62.708,65.108,0.754,0.1861,TRUE_POSITIVE,0.8617,accel_rms
PDFE14_3,PDFE14,3,70.696,72.413,69.508,71.708,1.012,0.3484,TRUE_POSITIVE,0.8454,gyro_z_var
PDFE14_3,PDFE14,3,77.826,82.547,75.608,78.308,0.482,0.0695,TRUE_POSITIVE,0.9184,gyro_z_var
PDFE14_3,PDFE14,3,,,83.508,85.708,0.0,0.0,FALSE_POSITIVE,0.8947,gyro_z_var
PDFE14_3,PDFE14,3,91.899,93.884,89.308,92.608,0.709,0.1549,TRUE_POSITIVE,0.9009,gyro_z_var
PDFE14_3,PDFE14,3,,,95.708,98.708,0.0,0.0,FALSE_POSITIVE,0.894,gyro_z_var
PDFE14_3,PDFE14,3,104.529,111.987,103.208,106.208,1.679,0.1913,TRUE_POSITIVE,0.9191,gyro_z_var
PDFE14_3,PDFE14,3,104.529,111.987,109.108,110.708,1.6,0.2145,FRAGMENTED_OVERLAP,0.9438,gyro_z_var
PDFE14_3,PDFE14,3,104.529,111.987,110.908,113.108,1.079,0.1258,FRAGMENTED_OVERLAP,0.9557,gyro_z_var
PDFE14_3,PDFE14,3,,,117.708,119.908,0.0,0.0,FALSE_POSITIVE,0.8979,gyro_z_var
PDFE14_3,PDFE14,3,99.598,101.583,,,0.0,0.0,FALSE_NEGATIVE,0.0,None
PDFE15_1,PDFE15,1,,,0.108,1.208,0.0,0.0,FALSE_POSITIVE,0.6576,stride_width
PDFE15_1,PDFE15,1,,,2.308,3.708,0.0,0.0,FALSE_POSITIVE,0.6129,stride_width
PDFE15_1,PDFE15,1,,,6.708,9.408,0.0,0.0,FALSE_POSITIVE,0.8323,left_ankle_velocity
PDFE15_1,PDFE15,1,,,12.208,14.308,0.0,0.0,FALSE_POSITIVE,0.6614,stride_width
PDFE15_1,PDFE15,1,,,14.408,15.408,0.0,0.0,FALSE_POSITIVE,0.8656,gyro_z_var
PDFE15_1,PDFE15,1,,,17.808,18.808,0.0,0.0,FALSE_POSITIVE,0.6206,gyro_z_var
PDFE15_1,PDFE15,1,,,21.108,23.008,0.0,0.0,FALSE_POSITIVE,0.6135,gyro_z_var
PDFE15_1,PDFE15,1,,,23.508,24.508,0.0,0.0,FALSE_POSITIVE,0.8566,right_knee_angle
PDFE15_1,PDFE15,1,,,24.608,25.708,0.0,0.0,FALSE_POSITIVE,0.8738,left_knee_angle
PDFE15_1,PDFE15,1,,,25.808,28.008,0.0,0.0,FALSE_POSITIVE,0.7615,right_ankle_velocity
PDFE15_1,PDFE15,1,,,28.308,29.308,0.0,0.0,FALSE_POSITIVE,0.7636,gyro_z_var
PDFE15_1,PDFE15,1,,,29.408,30.408,0.0,0.0,FALSE_POSITIVE,0.7762,left_knee_angle
PDFE15_1,PDFE15,1,,,30.608,31.608,0.0,0.0,FALSE_POSITIVE,0.8992,gyro_z_var
PDFE15_1,PDFE15,1,,,31.808,32.808,0.0,0.0,FALSE_POSITIVE,0.7544,gyro_z_var
PDFE15_1,PDFE15,1,,,34.908,36.808,0.0,0.0,FALSE_POSITIVE,0.7472,stride_width
PDFE15_1,PDFE15,1,,,38.108,39.408,0.0,0.0,FALSE_POSITIVE,0.7976,gyro_z_var
PDFE15_1,PDFE15,1,,,42.808,45.008,0.0,0.0,FALSE_POSITIVE,0.7266,stride_width
PDFE15_1,PDFE15,1,,,48.808,50.608,0.0,0.0,FALSE_POSITIVE,0.8574,left_knee_angle
PDFE15_1,PDFE15,1,,,51.908,52.908,0.0,0.0,FALSE_POSITIVE,0.7236,stride_width
PDFE15_1,PDFE15,1,,,54.008,55.008,0.0,0.0,FALSE_POSITIVE,0.8221,left_ankle_velocity
PDFE15_1,PDFE15,1,,,59.708,62.608,0.0,0.0,FALSE_POSITIVE,0.7077,left_ankle_velocity
PDFE15_1,PDFE15,1,,,62.808,63.808,0.0,0.0,FALSE_POSITIVE,0.8095,gyro_z_var
PDFE15_1,PDFE15,1,,,63.908,64.908,0.0,0.0,FALSE_POSITIVE,0.8665,stride_width
PDFE15_1,PDFE15,1,,,69.808,70.808,0.0,0.0,FALSE_POSITIVE,0.7007,right_ankle_velocity
PDFE15_1,PDFE15,1,,,72.008,73.008,0.0,0.0,FALSE_POSITIVE,0.6431,right_knee_angle
PDFE15_1,PDFE15,1,,,74.208,75.208,0.0,0.0,FALSE_POSITIVE,0.7897,gyro_z_var
PDFE15_1,PDFE15,1,,,78.008,79.008,0.0,0.0,FALSE_POSITIVE,0.8447,left_knee_angle
PDFE15_1,PDFE15,1,,,83.008,84.008,0.0,0.0,FALSE_POSITIVE,0.6037,stride_width
PDFE15_1,PDFE15,1,,,84.208,85.708,0.0,0.0,FALSE_POSITIVE,0.7462,gyro_z_var
PDFE15_1,PDFE15,1,,,86.408,87.408,0.0,0.0,FALSE_POSITIVE,0.9553,gyro_z_var
PDFE15_1,PDFE15,1,,,91.108,92.108,0.0,0.0,FALSE_POSITIVE,0.663,left_ankle_velocity
PDFE15_1,PDFE15,1,95.797,99.766,96.308,100.008,3.458,0.8212,TRUE_POSITIVE,0.8547,gyro_z_var
PDFE15_1,PDFE15,1,,,101.108,102.108,0.0,0.0,FALSE_POSITIVE,0.7672,gyro_z_var
PDFE15_1,PDFE15,1,,,104.108,105.108,0.0,0.0,FALSE_POSITIVE,0.6462,gyro_z_var
PDFE15_1,PDFE15,1,,,106.608,107.708,0.0,0.0,FALSE_POSITIVE,0.732,accel_rms
PDFE15_1,PDFE15,1,,,109.108,110.108,0.0,0.0,FALSE_POSITIVE,0.6792,left_knee_angle
PDFE15_1,PDFE15,1,,,110.308,112.108,0.0,0.0,FALSE_POSITIVE,0.712,left_knee_angle
PDFE15_1,PDFE15,1,,,113.608,115.408,0.0,0.0,FALSE_POSITIVE,0.6515,right_ankle_velocity
PDFE16_1,PDFE16,1,4.456,13.126,3.508,4.508,0.052,0.0054,TRUE_POSITIVE,0.6584,stride_width
PDFE16_1,PDFE16,1,4.456,13.126,7.408,13.308,5.718,0.646,FRAGMENTED_OVERLAP,0.8113,stride_width
PDFE16_1,PDFE16,1,,,14.508,15.508,0.0,0.0,FALSE_POSITIVE,0.6285,accel_rms
PDFE16_1,PDFE16,1,17.702,20.54,15.808,19.108,1.406,0.2971,TRUE_POSITIVE,0.7463,gyro_z_var
PDFE16_1,PDFE16,1,,,22.408,25.708,0.0,0.0,FALSE_POSITIVE,0.7847,gyro_z_var
PDFE16_1,PDFE16,1,29.985,31.927,28.308,30.108,0.123,0.034,TRUE_POSITIVE,0.7799,gyro_z_var
PDFE16_1,PDFE16,1,,,34.508,36.608,0.0,0.0,FALSE_POSITIVE,0.7891,gyro_z_var
PDFE16_1,PDFE16,1,,,40.208,43.008,0.0,0.0,FALSE_POSITIVE,0.8616,gyro_z_var
PDFE16_1,PDFE16,1,,,47.408,49.208,0.0,0.0,FALSE_POSITIVE,0.7697,gyro_z_var
PDFE16_1,PDFE16,1,,,50.208,51.408,0.0,0.0,FALSE_POSITIVE,0.8176,accel_rms
PDFE16_1,PDFE16,1,,,51.608,53.508,0.0,0.0,FALSE_POSITIVE,0.7277,stride_width
PDFE16_1,PDFE16,1,,,53.808,55.908,0.0,0.0,FALSE_POSITIVE,0.84,left_knee_angle
PDFE16_1,PDFE16,1,56.357,59.451,56.608,57.608,1.0,0.3232,TRUE_POSITIVE,0.8182,gyro_z_var
PDFE16_1,PDFE16,1,,,62.108,63.608,0.0,0.0,FALSE_POSITIVE,0.747,gyro_z_var
PDFE16_1,PDFE16,1,64.305,66.695,63.808,65.108,0.803,0.2781,TRUE_POSITIVE,0.7943,gyro_z_var
PDFE16_1,PDFE16,1,64.305,66.695,66.108,68.608,0.587,0.1364,FRAGMENTED_OVERLAP,0.7784,accel_rms
PDFE16_1,PDFE16,1,,,69.808,71.308,0.0,0.0,FALSE_POSITIVE,0.8047,gyro_z_var
PDFE16_1,PDFE16,1,71.65,74.019,71.408,73.308,1.658,0.635,TRUE_POSITIVE,0.8348,accel_rms
PDFE16_1,PDFE16,1,79.117,83.491,77.008,82.108,2.991,0.4614,TRUE_POSITIVE,0.7725,gyro_z_var
PDFE16_1,PDFE16,1,,,85.508,89.908,0.0,0.0,FALSE_POSITIVE,0.7856,gyro_z_var
PDFE16_1,PDFE16,1,,,93.608,96.608,0.0,0.0,FALSE_POSITIVE,0.7788,gyro_z_var
PDFE16_1,PDFE16,1,,,99.708,102.708,0.0,0.0,FALSE_POSITIVE,0.8712,left_knee_angle
PDFE16_1,PDFE16,1,103.682,106.072,102.808,104.708,1.026,0.3143,TRUE_POSITIVE,0.8013,accel_rms
PDFE16_1,PDFE16,1,,,109.008,110.808,0.0,0.0,FALSE_POSITIVE,0.8572,gyro_z_var
PDFE16_1,PDFE16,1,111.028,114.933,111.508,114.108,2.6,0.6658,TRUE_POSITIVE,0.7646,gyro_z_var
PDFE16_1,PDFE16,1,,,116.308,117.408,0.0,0.0,FALSE_POSITIVE,0.6591,right_knee_angle
PDFE16_1,PDFE16,1,,,118.008,119.908,0.0,0.0,FALSE_POSITIVE,0.89,left_knee_angle
PDFE16_2,PDFE16,2,,,3.108,4.308,0.0,0.0,FALSE_POSITIVE,0.805,left_ankle_velocity
PDFE16_2,PDFE16,2,,,6.608,7.808,0.0,0.0,FALSE_POSITIVE,0.8712,gyro_z_var
PDFE16_2,PDFE16,2,,,10.008,12.208,0.0,0.0,FALSE_POSITIVE,0.8779,gyro_z_var
PDFE16_2,PDFE16,2,,,14.308,16.508,0.0,0.0,FALSE_POSITIVE,0.9044,gyro_z_var
PDFE16_2,PDFE16,2,,,18.808,20.508,0.0,0.0,FALSE_POSITIVE,0.9047,gyro_z_var
PDFE16_2,PDFE16,2,,,23.608,25.008,0.0,0.0,FALSE_POSITIVE,0.9621,gyro_z_var
PDFE16_2,PDFE16,2,,,28.208,29.408,0.0,0.0,FALSE_POSITIVE,0.9634,gyro_z_var
PDFE16_2,PDFE16,2,,,32.008,33.708,0.0,0.0,FALSE_POSITIVE,0.8247,left_knee_angle
PDFE16_2,PDFE16,2,38.011,40.934,36.808,39.408,1.397,0.3386,TRUE_POSITIVE,0.9554,gyro_z_var
PDFE16_2,PDFE16,2,38.011,40.934,40.508,41.508,0.426,0.1218,FRAGMENTED_OVERLAP,0.6116,left_ankle_velocity
PDFE16_2,PDFE16,2,,,42.108,44.108,0.0,0.0,FALSE_POSITIVE,0.9328,left_ankle_velocity
PDFE16_2,PDFE16,2,,,47.208,50.308,0.0,0.0,FALSE_POSITIVE,0.7944,right_knee_angle
PDFE16_2,PDFE16,2,,,52.008,53.608,0.0,0.0,FALSE_POSITIVE,0.9028,gyro_z_var
PDFE16_2,PDFE16,2,,,56.808,59.708,0.0,0.0,FALSE_POSITIVE,0.8813,gyro_z_var
PDFE16_2,PDFE16,2,,,61.608,63.808,0.0,0.0,FALSE_POSITIVE,0.8586,gyro_z_var
PDFE16_2,PDFE16,2,,,66.308,69.308,0.0,0.0,FALSE_POSITIVE,0.9469,gyro_z_var
PDFE16_2,PDFE16,2,,,71.008,73.508,0.0,0.0,FALSE_POSITIVE,0.8964,gyro_z_var
PDFE16_2,PDFE16,2,,,76.008,78.108,0.0,0.0,FALSE_POSITIVE,0.8721,gyro_z_var
PDFE16_2,PDFE16,2,,,81.308,82.908,0.0,0.0,FALSE_POSITIVE,0.8784,gyro_z_var
PDFE16_2,PDFE16,2,,,85.908,87.508,0.0,0.0,FALSE_POSITIVE,0.9341,gyro_z_var
PDFE16_2,PDFE16,2,,,88.008,89.008,0.0,0.0,FALSE_POSITIVE,0.7548,gyro_z_var
PDFE16_2,PDFE16,2,,,89.608,90.608,0.0,0.0,FALSE_POSITIVE,0.7246,gyro_z_var
PDFE16_2,PDFE16,2,92.982,95.863,90.808,94.408,1.426,0.2821,TRUE_POSITIVE,0.8686,gyro_z_var
PDFE16_2,PDFE16,2,,,96.808,99.708,0.0,0.0,FALSE_POSITIVE,0.8126,left_ankle_velocity
PDFE16_2,PDFE16,2,,,101.408,102.808,0.0,0.0,FALSE_POSITIVE,0.932,gyro_z_var
PDFE16_2,PDFE16,2,,,106.008,108.808,0.0,0.0,FALSE_POSITIVE,0.8802,gyro_z_var
PDFE16_2,PDFE16,2,,,110.608,112.708,0.0,0.0,FALSE_POSITIVE,0.9425,gyro_z_var
PDFE16_2,PDFE16,2,,,115.808,118.608,0.0,0.0,FALSE_POSITIVE,0.8181,gyro_z_var
PDFE16_2,PDFE16,2,25.26,26.477,,,0.0,0.0,FALSE_NEGATIVE,0.0,None
PDFE17_1,PDFE17,1,,,2.208,3.408,0.0,0.0,FALSE_POSITIVE,0.8076,gyro_z_var
PDFE17_1,PDFE17,1,,,6.208,7.208,0.0,0.0,FALSE_POSITIVE,0.6218,right_knee_angle
PDFE17_1,PDFE17,1,,,10.108,11.308,0.0,0.0,FALSE_POSITIVE,0.6479,gyro_z_var
PDFE17_1,PDFE17,1,,,14.208,15.808,0.0,0.0,FALSE_POSITIVE,0.7281,gyro_z_var
PDFE17_1,PDFE17,1,,,19.008,20.008,0.0,0.0,FALSE_POSITIVE,0.6975,gyro_z_var
PDFE17_1,PDFE17,1,,,22.608,23.608,0.0,0.0,FALSE_POSITIVE,0.6353,gyro_z_var
PDFE17_1,PDFE17,1,,,26.608,28.108,0.0,0.0,FALSE_POSITIVE,0.79,gyro_z_var
PDFE17_1,PDFE17,1,,,30.908,32.108,0.0,0.0,FALSE_POSITIVE,0.7537,gyro_z_var
PDFE17_1,PDFE17,1,,,34.908,36.408,0.0,0.0,FALSE_POSITIVE,0.7017,gyro_z_var
PDFE17_1,PDFE17,1,,,45.908,47.208,0.0,0.0,FALSE_POSITIVE,0.7443,gyro_z_var
PDFE17_1,PDFE17,1,,,49.608,50.608,0.0,0.0,FALSE_POSITIVE,0.6615,gyro_z_var
PDFE17_1,PDFE17,1,,,56.408,57.508,0.0,0.0,FALSE_POSITIVE,0.8406,gyro_z_var
PDFE17_1,PDFE17,1,,,66.408,67.408,0.0,0.0,FALSE_POSITIVE,0.856,gyro_z_var
PDFE17_1,PDFE17,1,,,69.808,70.908,0.0,0.0,FALSE_POSITIVE,0.9161,gyro_z_var
PDFE17_1,PDFE17,1,,,89.708,90.808,0.0,0.0,FALSE_POSITIVE,0.715,gyro_z_var
PDFE17_1,PDFE17,1,,,96.508,97.608,0.0,0.0,FALSE_POSITIVE,0.9765,gyro_z_var
PDFE17_1,PDFE17,1,,,103.608,104.608,0.0,0.0,FALSE_POSITIVE,0.8034,gyro_z_var
PDFE17_1,PDFE17,1,,,106.908,107.908,0.0,0.0,FALSE_POSITIVE,0.8839,gyro_z_var
PDFE17_1,PDFE17,1,,,114.608,115.608,0.0,0.0,FALSE_POSITIVE,0.9198,gyro_z_var
PDFE17_1,PDFE17,1,,,118.508,119.608,0.0,0.0,FALSE_POSITIVE,0.759,gyro_z_var
PDFE18_1,PDFE18,1,,,3.208,4.608,0.0,0.0,FALSE_POSITIVE,0.838,gyro_z_var
PDFE18_1,PDFE18,1,,,7.608,9.308,0.0,0.0,FALSE_POSITIVE,0.9374,gyro_z_var
PDFE18_1,PDFE18,1,,,13.708,15.308,0.0,0.0,FALSE_POSITIVE,0.9189,gyro_z_var
PDFE18_1,PDFE18,1,,,19.308,21.208,0.0,0.0,FALSE_POSITIVE,0.9297,gyro_z_var
PDFE18_1,PDFE18,1,,,26.508,28.108,0.0,0.0,FALSE_POSITIVE,0.8834,gyro_z_var
PDFE18_1,PDFE18,1,,,29.708,32.308,0.0,0.0,FALSE_POSITIVE,0.8264,gyro_z_var
PDFE18_1,PDFE18,1,,,33.408,35.308,0.0,0.0,FALSE_POSITIVE,0.9137,gyro_z_var
PDFE18_1,PDFE18,1,,,41.308,43.108,0.0,0.0,FALSE_POSITIVE,0.7832,gyro_z_var
PDFE18_1,PDFE18,1,43.291,45.382,43.208,44.208,0.917,0.4218,TRUE_POSITIVE,0.6595,gyro_z_var
PDFE18_1,PDFE18,1,,,45.808,48.208,0.0,0.0,FALSE_POSITIVE,0.7047,gyro_z_var
PDFE18_1,PDFE18,1,52.335,54.405,48.608,53.208,0.873,0.1506,TRUE_POSITIVE,0.7921,gyro_z_var
PDFE18_1,PDFE18,1,61.741,63.406,59.908,63.508,1.665,0.4625,TRUE_POSITIVE,0.7107,gyro_z_var
PDFE18_1,PDFE18,1,,,63.608,64.808,0.0,0.0,FALSE_POSITIVE,0.7155,gyro_z_var
PDFE18_1,PDFE18,1,,,67.408,70.908,0.0,0.0,FALSE_POSITIVE,0.7994,gyro_z_var
PDFE18_1,PDFE18,1,,,76.508,77.608,0.0,0.0,FALSE_POSITIVE,0.8354,gyro_z_var
PDFE18_1,PDFE18,1,,,82.708,84.608,0.0,0.0,FALSE_POSITIVE,0.8835,gyro_z_var
PDFE18_1,PDFE18,1,,,90.608,93.308,0.0,0.0,FALSE_POSITIVE,0.9045,gyro_z_var
PDFE18_1,PDFE18,1,,,95.008,96.308,0.0,0.0,FALSE_POSITIVE,0.6269,gyro_z_var
PDFE18_1,PDFE18,1,,,98.208,102.108,0.0,0.0,FALSE_POSITIVE,0.7443,gyro_z_var
PDFE18_1,PDFE18,1,,,107.908,108.908,0.0,0.0,FALSE_POSITIVE,0.9413,gyro_z_var
PDFE18_1,PDFE18,1,,,109.608,110.608,0.0,0.0,FALSE_POSITIVE,0.6162,accel_rms
PDFE18_1,PDFE18,1,,,111.808,113.208,0.0,0.0,FALSE_POSITIVE,0.6702,gyro_x_var
PDFE18_1,PDFE18,1,,,113.408,114.708,0.0,0.0,FALSE_POSITIVE,0.6618,gyro_z_var
PDFE18_1,PDFE18,1,,,115.608,117.408,0.0,0.0,FALSE_POSITIVE,0.839,gyro_z_var
PDFE18_2,PDFE18,2,,,12.008,13.208,0.0,0.0,FALSE_POSITIVE,0.9224,gyro_z_var
PDFE18_2,PDFE18,2,,,15.008,16.308,0.0,0.0,FALSE_POSITIVE,0.896,gyro_z_var
PDFE18_2,PDFE18,2,,,21.608,22.908,0.0,0.0,FALSE_POSITIVE,0.686,gyro_z_var
PDFE18_2,PDFE18,2,,,35.408,36.608,0.0,0.0,FALSE_POSITIVE,0.7371,gyro_z_var
PDFE18_2,PDFE18,2,,,39.008,40.208,0.0,0.0,FALSE_POSITIVE,0.9317,gyro_z_var
PDFE18_2,PDFE18,2,,,42.708,43.908,0.0,0.0,FALSE_POSITIVE,0.9257,gyro_z_var
PDFE18_2,PDFE18,2,,,46.208,47.508,0.0,0.0,FALSE_POSITIVE,0.9726,gyro_z_var
PDFE18_2,PDFE18,2,,,50.008,51.008,0.0,0.0,FALSE_POSITIVE,0.6863,gyro_z_var
PDFE18_2,PDFE18,2,,,66.008,67.108,0.0,0.0,FALSE_POSITIVE,0.9474,gyro_z_var
PDFE18_2,PDFE18,2,,,69.508,70.508,0.0,0.0,FALSE_POSITIVE,0.9155,gyro_z_var
PDFE18_2,PDFE18,2,,,72.708,73.708,0.0,0.0,FALSE_POSITIVE,0.6488,gyro_z_var
PDFE18_2,PDFE18,2,,,76.208,77.308,0.0,0.0,FALSE_POSITIVE,0.9497,gyro_z_var
PDFE18_2,PDFE18,2,,,79.508,80.708,0.0,0.0,FALSE_POSITIVE,0.754,gyro_x_var
PDFE18_2,PDFE18,2,,,86.008,87.308,0.0,0.0,FALSE_POSITIVE,0.8783,gyro_z_var
PDFE18_2,PDFE18,2,,,89.708,90.808,0.0,0.0,FALSE_POSITIVE,0.9213,gyro_z_var
PDFE18_2,PDFE18,2,,,95.908,97.108,0.0,0.0,FALSE_POSITIVE,0.6681,gyro_z_var
PDFE18_2,PDFE18,2,,,110.308,111.408,0.0,0.0,FALSE_POSITIVE,0.948,gyro_z_var
PDFE18_2,PDFE18,2,,,113.808,114.908,0.0,0.0,FALSE_POSITIVE,0.7444,gyro_x_var
PDFE18_3,PDFE18,3,,,2.608,3.708,0.0,0.0,FALSE_POSITIVE,0.9601,gyro_x_var
PDFE18_3,PDFE18,3,,,17.408,18.608,0.0,0.0,FALSE_POSITIVE,0.6971,gyro_x_var
PDFE18_3,PDFE18,3,,,25.308,26.408,0.0,0.0,FALSE_POSITIVE,0.697,gyro_x_var
PDFE18_3,PDFE18,3,,,29.408,30.808,0.0,0.0,FALSE_POSITIVE,0.9729,gyro_x_var
PDFE18_3,PDFE18,3,,,38.008,39.308,0.0,0.0,FALSE_POSITIVE,0.9398,gyro_x_var
PDFE18_3,PDFE18,3,,,42.108,43.408,0.0,0.0,FALSE_POSITIVE,0.9786,gyro_x_var
PDFE18_3,PDFE18,3,,,46.208,47.608,0.0,0.0,FALSE_POSITIVE,0.8572,gyro_x_var
PDFE18_3,PDFE18,3,,,55.608,57.108,0.0,0.0,FALSE_POSITIVE,0.9488,gyro_x_var
PDFE18_3,PDFE18,3,,,60.408,61.408,0.0,0.0,FALSE_POSITIVE,0.6003,gyro_x_var
PDFE18_3,PDFE18,3,,,64.908,66.108,0.0,0.0,FALSE_POSITIVE,0.7188,gyro_x_var
PDFE18_3,PDFE18,3,,,68.908,70.108,0.0,0.0,FALSE_POSITIVE,0.8295,gyro_x_var
PDFE18_3,PDFE18,3,,,72.908,74.608,0.0,0.0,FALSE_POSITIVE,0.7753,gyro_x_var
PDFE18_3,PDFE18,3,79.466,80.64,77.908,79.908,0.442,0.1618,TRUE_POSITIVE,0.865,gyro_x_var
PDFE18_3,PDFE18,3,,,82.608,84.108,0.0,0.0,FALSE_POSITIVE,0.7922,gyro_x_var
PDFE18_3,PDFE18,3,,,88.208,89.208,0.0,0.0,FALSE_POSITIVE,0.9543,gyro_x_var
PDFE18_3,PDFE18,3,,,92.108,93.408,0.0,0.0,FALSE_POSITIVE,0.7834,gyro_x_var
PDFE18_3,PDFE18,3,,,97.008,98.608,0.0,0.0,FALSE_POSITIVE,0.9166,gyro_x_var
PDFE18_3,PDFE18,3,,,101.308,103.008,0.0,0.0,FALSE_POSITIVE,0.9206,gyro_x_var
PDFE18_3,PDFE18,3,,,110.808,112.108,0.0,0.0,FALSE_POSITIVE,0.9347,gyro_x_var
PDFE18_3,PDFE18,3,,,115.608,116.608,0.0,0.0,FALSE_POSITIVE,0.9501,gyro_x_var
PDFE19_1,PDFE19,1,0.0,120.0,5.208,6.908,1.7,0.0142,TRUE_POSITIVE,0.7586,right_knee_angle
PDFE19_1,PDFE19,1,0.0,120.0,9.208,14.108,4.9,0.0408,FRAGMENTED_OVERLAP,0.7961,stride_width
PDFE19_1,PDFE19,1,0.0,120.0,14.508,17.408,2.9,0.0242,FRAGMENTED_OVERLAP,0.772,right_knee_angle
PDFE19_1,PDFE19,1,0.0,120.0,20.108,21.108,1.0,0.0083,FRAGMENTED_OVERLAP,0.6139,stride_width
PDFE19_1,PDFE19,1,0.0,120.0,22.208,23.808,1.6,0.0133,FRAGMENTED_OVERLAP,0.8876,right_knee_angle
PDFE19_1,PDFE19,1,0.0,120.0,28.108,32.408,4.3,0.0358,FRAGMENTED_OVERLAP,0.7844,left_ankle_velocity
PDFE19_1,PDFE19,1,0.0,120.0,32.808,35.308,2.5,0.0208,FRAGMENTED_OVERLAP,0.6741,right_ankle_velocity
PDFE19_1,PDFE19,1,0.0,120.0,35.708,37.808,2.1,0.0175,FRAGMENTED_OVERLAP,0.8195,left_ankle_velocity
PDFE19_1,PDFE19,1,0.0,120.0,45.108,47.408,2.3,0.0192,FRAGMENTED_OVERLAP,0.7191,right_knee_angle
PDFE19_1,PDFE19,1,0.0,120.0,48.808,50.608,1.8,0.015,FRAGMENTED_OVERLAP,0.6135,right_knee_angle
PDFE19_1,PDFE19,1,0.0,120.0,56.308,57.708,1.4,0.0117,FRAGMENTED_OVERLAP,0.6862,stride_width
PDFE19_1,PDFE19,1,0.0,120.0,59.708,61.608,1.9,0.0158,FRAGMENTED_OVERLAP,0.7515,right_ankle_velocity
PDFE19_1,PDFE19,1,0.0,120.0,63.308,64.308,1.0,0.0083,FRAGMENTED_OVERLAP,0.6473,left_knee_angle
PDFE19_1,PDFE19,1,0.0,120.0,65.808,68.708,2.9,0.0242,FRAGMENTED_OVERLAP,0.749,left_ankle_velocity
PDFE19_1,PDFE19,1,0.0,120.0,72.008,73.908,1.9,0.0158,FRAGMENTED_OVERLAP,0.7468,right_knee_angle
PDFE19_1,PDFE19,1,0.0,120.0,82.108,83.808,1.7,0.0142,FRAGMENTED_OVERLAP,0.7779,right_knee_angle
PDFE19_1,PDFE19,1,0.0,120.0,86.708,87.708,1.0,0.0083,FRAGMENTED_OVERLAP,0.7414,accel_rms
PDFE19_1,PDFE19,1,0.0,120.0,91.908,94.208,2.3,0.0192,FRAGMENTED_OVERLAP,0.8265,left_knee_angle
PDFE19_1,PDFE19,1,0.0,120.0,94.708,96.508,1.8,0.015,FRAGMENTED_OVERLAP,0.7624,left_knee_angle
PDFE19_1,PDFE19,1,0.0,120.0,99.908,101.608,1.7,0.0142,FRAGMENTED_OVERLAP,0.7097,stride_width
PDFE19_1,PDFE19,1,0.0,120.0,102.208,103.808,1.6,0.0133,FRAGMENTED_OVERLAP,0.7999,left_ankle_velocity
PDFE19_1,PDFE19,1,0.0,120.0,109.508,111.508,2.0,0.0167,FRAGMENTED_OVERLAP,0.7637,accel_rms
PDFE19_1,PDFE19,1,0.0,120.0,112.608,115.708,3.1,0.0258,FRAGMENTED_OVERLAP,0.6745,left_knee_angle
PDFE19_1,PDFE19,1,0.0,120.0,117.008,118.108,1.1,0.0092,FRAGMENTED_OVERLAP,0.7053,left_knee_angle
PDFE19_2,PDFE19,2,0.0,32.558,0.008,32.408,32.4,0.9951,TRUE_POSITIVE,0.891,left_ankle_velocity
PDFE19_2,PDFE19,2,0.0,32.558,32.508,33.808,0.05,0.0015,FRAGMENTED_OVERLAP,0.7455,right_knee_angle
PDFE19_2,PDFE19,2,36.255,120.0,34.208,46.608,10.353,0.1207,TRUE_POSITIVE,0.8478,right_ankle_velocity
PDFE19_2,PDFE19,2,36.255,120.0,46.908,108.808,61.9,0.7391,FRAGMENTED_OVERLAP,0.8439,left_knee_angle
PDFE19_2,PDFE19,2,36.255,120.0,109.308,119.908,10.6,0.1266,FRAGMENTED_OVERLAP,0.85,right_ankle_velocity
PDFE20_1,PDFE20,1,,,3.208,4.308,0.0,0.0,FALSE_POSITIVE,0.6799,stride_width
PDFE20_1,PDFE20,1,,,6.708,8.708,0.0,0.0,FALSE_POSITIVE,0.8174,accel_rms
PDFE20_1,PDFE20,1,,,11.308,13.208,0.0,0.0,FALSE_POSITIVE,0.9477,accel_rms
PDFE20_1,PDFE20,1,,,15.408,17.208,0.0,0.0,FALSE_POSITIVE,0.6469,gyro_x_var
PDFE20_1,PDFE20,1,,,19.708,21.408,0.0,0.0,FALSE_POSITIVE,0.9003,accel_rms
PDFE20_1,PDFE20,1,,,24.408,25.408,0.0,0.0,FALSE_POSITIVE,0.6111,gyro_x_var
PDFE20_1,PDFE20,1,,,32.308,33.608,0.0,0.0,FALSE_POSITIVE,0.8367,accel_rms
PDFE20_1,PDFE20,1,,,36.808,38.208,0.0,0.0,FALSE_POSITIVE,0.8347,gyro_x_var
PDFE20_1,PDFE20,1,,,41.708,42.808,0.0,0.0,FALSE_POSITIVE,0.8624,gyro_x_var
PDFE20_1,PDFE20,1,,,45.808,46.908,0.0,0.0,FALSE_POSITIVE,0.9046,gyro_x_var
PDFE20_1,PDFE20,1,,,54.308,55.308,0.0,0.0,FALSE_POSITIVE,0.606,stride_width
PDFE20_1,PDFE20,1,,,58.608,59.908,0.0,0.0,FALSE_POSITIVE,0.8016,left_ankle_velocity
PDFE20_1,PDFE20,1,,,62.908,64.008,0.0,0.0,FALSE_POSITIVE,0.6476,gyro_z_var
PDFE20_1,PDFE20,1,,,64.808,66.108,0.0,0.0,FALSE_POSITIVE,0.8656,gyro_x_var
PDFE20_1,PDFE20,1,,,70.508,71.608,0.0,0.0,FALSE_POSITIVE,0.6326,left_ankle_velocity
PDFE20_1,PDFE20,1,,,74.508,75.608,0.0,0.0,FALSE_POSITIVE,0.7985,left_knee_angle
PDFE20_1,PDFE20,1,,,80.308,82.108,0.0,0.0,FALSE_POSITIVE,0.6683,gyro_z_var
PDFE20_1,PDFE20,1,,,87.008,88.208,0.0,0.0,FALSE_POSITIVE,0.7931,gyro_x_var
PDFE20_1,PDFE20,1,,,93.808,94.908,0.0,0.0,FALSE_POSITIVE,0.8613,gyro_x_var
PDFE20_1,PDFE20,1,,,100.308,101.308,0.0,0.0,FALSE_POSITIVE,0.6912,gyro_z_var
PDFE20_1,PDFE20,1,,,101.408,103.808,0.0,0.0,FALSE_POSITIVE,0.895,accel_rms
PDFE20_1,PDFE20,1,,,104.408,106.008,0.0,0.0,FALSE_POSITIVE,0.9083,gyro_x_var
PDFE20_1,PDFE20,1,,,110.508,111.808,0.0,0.0,FALSE_POSITIVE,0.6369,gyro_x_var
PDFE20_1,PDFE20,1,,,112.608,114.608,0.0,0.0,FALSE_POSITIVE,0.7014,gyro_x_var
PDFE20_1,PDFE20,1,,,114.708,115.908,0.0,0.0,FALSE_POSITIVE,0.6783,left_ankle_velocity
PDFE20_1,PDFE20,1,,,117.608,119.908,0.0,0.0,FALSE_POSITIVE,0.841,gyro_x_var
PDFE20_2,PDFE20,2,,,3.008,4.608,0.0,0.0,FALSE_POSITIVE,0.6617,gyro_z_var
PDFE20_2,PDFE20,2,,,7.408,8.708,0.0,0.0,FALSE_POSITIVE,0.8189,gyro_z_var
PDFE20_2,PDFE20,2,,,11.608,12.708,0.0,0.0,FALSE_POSITIVE,0.6702,right_knee_angle
PDFE20_2,PDFE20,2,16.762,19.088,15.808,17.908,1.146,0.3494,TRUE_POSITIVE,0.7922,left_knee_angle
PDFE20_2,PDFE20,2,,,20.508,21.708,0.0,0.0,FALSE_POSITIVE,0.7546,gyro_z_var
PDFE20_2,PDFE20,2,,,25.308,26.308,0.0,0.0,FALSE_POSITIVE,0.6075,gyro_z_var
PDFE20_2,PDFE20,2,,,33.408,34.408,0.0,0.0,FALSE_POSITIVE,0.887,gyro_z_var
PDFE20_2,PDFE20,2,,,37.508,38.508,0.0,0.0,FALSE_POSITIVE,0.6692,gyro_z_var
PDFE20_2,PDFE20,2,,,41.508,43.108,0.0,0.0,FALSE_POSITIVE,0.8352,gyro_z_var
PDFE20_2,PDFE20,2,,,50.308,51.908,0.0,0.0,FALSE_POSITIVE,0.8242,gyro_z_var
PDFE20_2,PDFE20,2,,,54.608,56.108,0.0,0.0,FALSE_POSITIVE,0.8132,gyro_z_var
PDFE20_2,PDFE20,2,,,59.108,60.108,0.0,0.0,FALSE_POSITIVE,0.7156,gyro_z_var
PDFE20_2,PDFE20,2,,,63.908,64.908,0.0,0.0,FALSE_POSITIVE,0.8668,gyro_z_var
PDFE20_2,PDFE20,2,,,68.508,70.108,0.0,0.0,FALSE_POSITIVE,0.7166,gyro_z_var
PDFE20_2,PDFE20,2,,,72.908,74.508,0.0,0.0,FALSE_POSITIVE,0.8128,gyro_z_var
PDFE20_2,PDFE20,2,,,93.608,95.308,0.0,0.0,FALSE_POSITIVE,0.7657,gyro_z_var
PDFE20_2,PDFE20,2,,,98.808,100.108,0.0,0.0,FALSE_POSITIVE,0.6476,gyro_z_var
PDFE20_2,PDFE20,2,,,103.308,104.908,0.0,0.0,FALSE_POSITIVE,0.692,gyro_z_var
PDFE20_2,PDFE20,2,,,108.208,109.908,0.0,0.0,FALSE_POSITIVE,0.7517,gyro_z_var
PDFE20_2,PDFE20,2,,,113.208,115.108,0.0,0.0,FALSE_POSITIVE,0.8654,gyro_z_var
PDFE20_2,PDFE20,2,,,118.908,119.908,0.0,0.0,FALSE_POSITIVE,0.7361,gyro_z_var
PDFE20_3,PDFE20,3,,,2.208,3.208,0.0,0.0,FALSE_POSITIVE,0.8214,gyro_z_var
PDFE20_3,PDFE20,3,,,8.508,9.508,0.0,0.0,FALSE_POSITIVE,0.6897,gyro_z_var
PDFE20_3,PDFE20,3,,,12.108,13.708,0.0,0.0,FALSE_POSITIVE,0.812,gyro_z_var
PDFE20_3,PDFE20,3,,,16.008,17.008,0.0,0.0,FALSE_POSITIVE,0.6163,gyro_z_var
PDFE20_3,PDFE20,3,,,20.008,21.108,0.0,0.0,FALSE_POSITIVE,0.9194,gyro_z_var
PDFE20_3,PDFE20,3,,,23.808,25.108,0.0,0.0,FALSE_POSITIVE,0.8367,gyro_z_var
PDFE20_3,PDFE20,3,,,27.908,29.108,0.0,0.0,FALSE_POSITIVE,0.8384,gyro_z_var
PDFE20_3,PDFE20,3,,,31.708,33.008,0.0,0.0,FALSE_POSITIVE,0.8898,gyro_z_var
PDFE20_3,PDFE20,3,,,35.808,36.808,0.0,0.0,FALSE_POSITIVE,0.8349,gyro_z_var
PDFE20_3,PDFE20,3,,,40.008,41.108,0.0,0.0,FALSE_POSITIVE,0.7583,gyro_z_var
PDFE20_3,PDFE20,3,44.859,46.574,43.908,46.108,1.249,0.4685,TRUE_POSITIVE,0.8776,gyro_z_var
PDFE20_3,PDFE20,3,,,52.508,54.208,0.0,0.0,FALSE_POSITIVE,0.8172,gyro_z_var
PDFE20_3,PDFE20,3,,,56.808,58.208,0.0,0.0,FALSE_POSITIVE,0.8443,gyro_z_var
PDFE20_3,PDFE20,3,,,61.408,62.508,0.0,0.0,FALSE_POSITIVE,0.8815,gyro_z_var
PDFE20_3,PDFE20,3,,,65.608,66.908,0.0,0.0,FALSE_POSITIVE,0.9017,gyro_z_var
PDFE20_3,PDFE20,3,,,70.108,71.808,0.0,0.0,FALSE_POSITIVE,0.878,gyro_z_var
PDFE20_3,PDFE20,3,,,74.308,76.008,0.0,0.0,FALSE_POSITIVE,0.8687,gyro_z_var
PDFE20_3,PDFE20,3,,,79.308,81.108,0.0,0.0,FALSE_POSITIVE,0.9262,gyro_z_var
PDFE20_3,PDFE20,3,85.738,87.6,84.608,86.708,0.97,0.3242,TRUE_POSITIVE,0.9391,gyro_z_var
PDFE20_3,PDFE20,3,,,89.708,91.908,0.0,0.0,FALSE_POSITIVE,0.7841,gyro_z_var
PDFE20_3,PDFE20,3,,,95.508,96.808,0.0,0.0,FALSE_POSITIVE,0.9464,gyro_z_var
PDFE20_3,PDFE20,3,,,99.908,101.608,0.0,0.0,FALSE_POSITIVE,0.8417,gyro_z_var
PDFE20_3,PDFE20,3,,,104.508,105.508,0.0,0.0,FALSE_POSITIVE,0.8456,gyro_z_var
PDFE20_3,PDFE20,3,,,105.708,106.708,0.0,0.0,FALSE_POSITIVE,0.837,gyro_z_var
PDFE20_3,PDFE20,3,110.82,112.826,110.008,113.008,2.006,0.6687,TRUE_POSITIVE,0.8275,gyro_z_var
PDFE20_3,PDFE20,3,,,116.008,117.608,0.0,0.0,FALSE_POSITIVE,0.8522,gyro_z_var
PDFE21_1,PDFE21,1,,,3.308,5.008,0.0,0.0,FALSE_POSITIVE,0.7353,gyro_z_var
PDFE21_1,PDFE21,1,,,12.408,13.408,0.0,0.0,FALSE_POSITIVE,0.8773,stride_width
PDFE21_1,PDFE21,1,,,14.008,15.008,0.0,0.0,FALSE_POSITIVE,0.7791,left_ankle_velocity
PDFE21_1,PDFE21,1,,,15.908,18.208,0.0,0.0,FALSE_POSITIVE,0.789,stride_width
PDFE21_1,PDFE21,1,,,18.808,19.808,0.0,0.0,FALSE_POSITIVE,0.6138,gyro_x_var
PDFE21_1,PDFE21,1,,,20.108,21.108,0.0,0.0,FALSE_POSITIVE,0.6947,left_knee_angle
PDFE21_1,PDFE21,1,,,21.508,22.508,0.0,0.0,FALSE_POSITIVE,0.8099,right_knee_angle
PDFE21_1,PDFE21,1,,,24.108,26.108,0.0,0.0,FALSE_POSITIVE,0.8258,left_ankle_velocity
PDFE21_1,PDFE21,1,,,26.308,27.408,0.0,0.0,FALSE_POSITIVE,0.8538,right_ankle_velocity
PDFE21_1,PDFE21,1,,,27.608,29.208,0.0,0.0,FALSE_POSITIVE,0.7938,right_knee_angle
PDFE21_1,PDFE21,1,,,29.908,30.908,0.0,0.0,FALSE_POSITIVE,0.7891,stride_width
PDFE21_1,PDFE21,1,,,31.108,32.108,0.0,0.0,FALSE_POSITIVE,0.6264,gyro_z_var
PDFE21_1,PDFE21,1,,,33.608,35.008,0.0,0.0,FALSE_POSITIVE,0.7646,gyro_z_var
PDFE21_1,PDFE21,1,,,35.108,38.208,0.0,0.0,FALSE_POSITIVE,0.7642,left_knee_angle
PDFE21_1,PDFE21,1,,,38.308,42.308,0.0,0.0,FALSE_POSITIVE,0.7359,left_knee_angle
PDFE21_1,PDFE21,1,,,42.508,48.908,0.0,0.0,FALSE_POSITIVE,0.7589,gyro_z_var
PDFE21_1,PDFE21,1,,,49.008,50.508,0.0,0.0,FALSE_POSITIVE,0.8724,stride_width
PDFE21_1,PDFE21,1,,,50.608,55.008,0.0,0.0,FALSE_POSITIVE,0.8076,stride_width
PDFE21_1,PDFE21,1,,,55.108,57.808,0.0,0.0,FALSE_POSITIVE,0.7644,right_ankle_velocity
PDFE21_1,PDFE21,1,,,58.408,61.908,0.0,0.0,FALSE_POSITIVE,0.7405,left_ankle_velocity
PDFE21_1,PDFE21,1,,,62.708,63.808,0.0,0.0,FALSE_POSITIVE,0.7963,stride_width
PDFE21_1,PDFE21,1,,,65.208,66.208,0.0,0.0,FALSE_POSITIVE,0.7007,right_knee_angle
PDFE21_1,PDFE21,1,,,66.508,67.708,0.0,0.0,FALSE_POSITIVE,0.7759,stride_width
PDFE21_1,PDFE21,1,,,67.908,69.008,0.0,0.0,FALSE_POSITIVE,0.8889,stride_width
PDFE21_1,PDFE21,1,,,69.208,71.208,0.0,0.0,FALSE_POSITIVE,0.7455,stride_width
PDFE21_1,PDFE21,1,,,72.908,74.408,0.0,0.0,FALSE_POSITIVE,0.8584,gyro_z_var
PDFE21_1,PDFE21,1,,,74.508,76.308,0.0,0.0,FALSE_POSITIVE,0.8062,right_knee_angle
PDFE21_1,PDFE21,1,,,76.408,78.508,0.0,0.0,FALSE_POSITIVE,0.7481,left_knee_angle
PDFE21_1,PDFE21,1,,,82.208,83.708,0.0,0.0,FALSE_POSITIVE,0.7185,stride_width
PDFE21_1,PDFE21,1,,,85.608,90.608,0.0,0.0,FALSE_POSITIVE,0.688,right_knee_angle
PDFE21_1,PDFE21,1,,,93.108,94.108,0.0,0.0,FALSE_POSITIVE,0.7959,stride_width
PDFE21_1,PDFE21,1,,,94.308,95.308,0.0,0.0,FALSE_POSITIVE,0.7159,left_ankle_velocity
PDFE21_1,PDFE21,1,,,95.708,96.708,0.0,0.0,FALSE_POSITIVE,0.9086,stride_width
PDFE21_1,PDFE21,1,,,97.508,99.408,0.0,0.0,FALSE_POSITIVE,0.6642,gyro_z_var
PDFE21_1,PDFE21,1,,,99.508,100.508,0.0,0.0,FALSE_POSITIVE,0.8033,stride_width
PDFE21_1,PDFE21,1,,,102.608,103.608,0.0,0.0,FALSE_POSITIVE,0.8479,stride_width
PDFE21_1,PDFE21,1,,,104.108,105.208,0.0,0.0,FALSE_POSITIVE,0.7683,stride_width
PDFE21_1,PDFE21,1,,,105.508,107.308,0.0,0.0,FALSE_POSITIVE,0.7773,right_knee_angle
PDFE21_1,PDFE21,1,,,108.708,112.908,0.0,0.0,FALSE_POSITIVE,0.7695,right_knee_angle
PDFE21_1,PDFE21,1,,,116.208,117.508,0.0,0.0,FALSE_POSITIVE,0.7671,stride_width
PDFE21_2,PDFE21,2,,,0.008,1.008,0.0,0.0,FALSE_POSITIVE,0.6903,gyro_x_var
PDFE21_2,PDFE21,2,,,3.308,5.108,0.0,0.0,FALSE_POSITIVE,0.6743,gyro_z_var
PDFE21_2,PDFE21,2,,,5.508,6.508,0.0,0.0,FALSE_POSITIVE,0.902,gyro_z_var
PDFE21_2,PDFE21,2,,,6.608,7.808,0.0,0.0,FALSE_POSITIVE,0.7819,gyro_z_var
PDFE21_2,PDFE21,2,,,8.008,10.608,0.0,0.0,FALSE_POSITIVE,0.856,right_knee_angle
PDFE21_2,PDFE21,2,,,14.208,15.408,0.0,0.0,FALSE_POSITIVE,0.889,left_ankle_velocity
PDFE21_2,PDFE21,2,,,15.708,16.708,0.0,0.0,FALSE_POSITIVE,0.9875,gyro_z_var
PDFE21_2,PDFE21,2,,,16.908,22.908,0.0,0.0,FALSE_POSITIVE,0.8663,gyro_z_var
PDFE21_2,PDFE21,2,,,23.108,24.508,0.0,0.0,FALSE_POSITIVE,0.8047,right_knee_angle
PDFE21_2,PDFE21,2,,,24.708,25.808,0.0,0.0,FALSE_POSITIVE,0.8368,gyro_z_var
PDFE21_2,PDFE21,2,,,25.908,27.108,0.0,0.0,FALSE_POSITIVE,0.8203,right_knee_angle
PDFE21_2,PDFE21,2,,,27.208,28.408,0.0,0.0,FALSE_POSITIVE,0.8706,left_ankle_velocity
PDFE21_2,PDFE21,2,,,29.508,38.308,0.0,0.0,FALSE_POSITIVE,0.7721,gyro_z_var
PDFE21_2,PDFE21,2,,,38.808,43.208,0.0,0.0,FALSE_POSITIVE,0.7979,gyro_z_var
PDFE21_2,PDFE21,2,,,43.308,57.108,0.0,0.0,FALSE_POSITIVE,0.8065,gyro_z_var
PDFE21_2,PDFE21,2,,,63.208,64.208,0.0,0.0,FALSE_POSITIVE,0.8811,gyro_z_var
PDFE21_2,PDFE21,2,,,64.408,65.808,0.0,0.0,FALSE_POSITIVE,0.878,right_ankle_velocity
PDFE21_2,PDFE21,2,,,69.608,70.608,0.0,0.0,FALSE_POSITIVE,0.6299,right_ankle_velocity
PDFE21_2,PDFE21,2,,,81.808,83.208,0.0,0.0,FALSE_POSITIVE,0.7469,gyro_z_var
PDFE21_2,PDFE21,2,,,85.608,86.608,0.0,0.0,FALSE_POSITIVE,0.7171,gyro_z_var
PDFE21_2,PDFE21,2,,,93.808,95.308,0.0,0.0,FALSE_POSITIVE,0.8567,left_ankle_velocity
PDFE21_2,PDFE21,2,,,102.008,103.408,0.0,0.0,FALSE_POSITIVE,0.7943,stride_width
PDFE21_2,PDFE21,2,,,109.908,111.308,0.0,0.0,FALSE_POSITIVE,0.8338,gyro_z_var
PDFE21_2,PDFE21,2,,,117.608,118.808,0.0,0.0,FALSE_POSITIVE,0.6845,accel_rms
PDFE21_3,PDFE21,3,,,2.808,5.108,0.0,0.0,FALSE_POSITIVE,0.8949,left_ankle_velocity
PDFE21_3,PDFE21,3,,,7.608,10.808,0.0,0.0,FALSE_POSITIVE,0.8216,accel_rms
PDFE21_3,PDFE21,3,,,11.108,12.208,0.0,0.0,FALSE_POSITIVE,0.8091,stride_width
PDFE21_3,PDFE21,3,,,12.308,15.208,0.0,0.0,FALSE_POSITIVE,0.8024,stride_width
PDFE21_3,PDFE21,3,,,15.308,16.708,0.0,0.0,FALSE_POSITIVE,0.8158,left_knee_angle
PDFE21_3,PDFE21,3,,,16.808,18.108,0.0,0.0,FALSE_POSITIVE,0.9083,left_ankle_velocity
PDFE21_3,PDFE21,3,,,18.208,26.708,0.0,0.0,FALSE_POSITIVE,0.8965,left_knee_angle
PDFE21_3,PDFE21,3,,,28.508,32.308,0.0,0.0,FALSE_POSITIVE,0.8596,left_ankle_velocity
PDFE21_3,PDFE21,3,,,32.508,33.908,0.0,0.0,FALSE_POSITIVE,0.8883,left_knee_angle
PDFE21_3,PDFE21,3,,,34.008,41.608,0.0,0.0,FALSE_POSITIVE,0.9311,left_knee_angle
PDFE21_3,PDFE21,3,45.982,52.856,42.908,72.208,6.874,0.2346,TRUE_POSITIVE,0.9043,left_ankle_velocity
PDFE21_3,PDFE21,3,,,73.408,74.508,0.0,0.0,FALSE_POSITIVE,0.8215,stride_width
PDFE21_3,PDFE21,3,,,74.708,94.008,0.0,0.0,FALSE_POSITIVE,0.8999,stride_width
PDFE21_3,PDFE21,3,,,97.108,101.708,0.0,0.0,FALSE_POSITIVE,0.9068,stride_width
PDFE21_3,PDFE21,3,,,101.808,109.308,0.0,0.0,FALSE_POSITIVE,0.9339,stride_width
PDFE21_3,PDFE21,3,,,114.808,115.808,0.0,0.0,FALSE_POSITIVE,0.7285,stride_width
PDFE21_3,PDFE21,3,,,115.908,118.008,0.0,0.0,FALSE_POSITIVE,0.7332,left_ankle_velocity
PDFE21_3,PDFE21,3,60.661,66.123,,,0.0,0.0,FALSE_NEGATIVE,0.0,None
PDFE22_1,PDFE22,1,,,10.008,11.008,0.0,0.0,FALSE_POSITIVE,0.7518,gyro_z_var
PDFE22_1,PDFE22,1,,,26.708,27.708,0.0,0.0,FALSE_POSITIVE,0.6658,gyro_z_var
PDFE22_1,PDFE22,1,,,30.208,31.208,0.0,0.0,FALSE_POSITIVE,0.6753,gyro_z_var
PDFE22_1,PDFE22,1,,,31.608,33.508,0.0,0.0,FALSE_POSITIVE,0.7312,stride_width
PDFE22_1,PDFE22,1,,,33.708,36.008,0.0,0.0,FALSE_POSITIVE,0.6508,gyro_z_var
PDFE22_1,PDFE22,1,,,36.308,38.908,0.0,0.0,FALSE_POSITIVE,0.6789,gyro_z_var
PDFE22_1,PDFE22,1,,,40.108,42.208,0.0,0.0,FALSE_POSITIVE,0.7272,gyro_z_var
PDFE22_1,PDFE22,1,,,42.608,43.608,0.0,0.0,FALSE_POSITIVE,0.6053,accel_rms
PDFE22_1,PDFE22,1,,,56.508,58.308,0.0,0.0,FALSE_POSITIVE,0.8521,gyro_z_var
PDFE22_1,PDFE22,1,,,66.708,67.708,0.0,0.0,FALSE_POSITIVE,0.6239,right_knee_angle
PDFE22_1,PDFE22,1,,,74.708,76.608,0.0,0.0,FALSE_POSITIVE,0.8092,gyro_z_var
PDFE22_1,PDFE22,1,,,83.008,84.008,0.0,0.0,FALSE_POSITIVE,0.8532,gyro_x_var
PDFE22_1,PDFE22,1,,,84.808,86.008,0.0,0.0,FALSE_POSITIVE,0.7043,left_knee_angle
PDFE22_1,PDFE22,1,,,95.808,97.208,0.0,0.0,FALSE_POSITIVE,0.737,stride_width
PDFE22_1,PDFE22,1,,,102.408,103.908,0.0,0.0,FALSE_POSITIVE,0.7744,gyro_z_var
PDFE22_1,PDFE22,1,,,108.208,109.808,0.0,0.0,FALSE_POSITIVE,0.7155,gyro_z_var
PDFE22_1,PDFE22,1,,,114.108,115.208,0.0,0.0,FALSE_POSITIVE,0.6379,left_knee_angle
PDFE23_1,PDFE23,1,,,2.508,4.608,0.0,0.0,FALSE_POSITIVE,0.7534,gyro_z_var
PDFE23_1,PDFE23,1,,,6.308,9.908,0.0,0.0,FALSE_POSITIVE,0.8422,gyro_z_var
PDFE23_1,PDFE23,1,,,10.208,18.008,0.0,0.0,FALSE_POSITIVE,0.841,accel_rms
PDFE23_1,PDFE23,1,,,24.708,27.708,0.0,0.0,FALSE_POSITIVE,0.7308,accel_rms
PDFE23_1,PDFE23,1,,,28.008,29.008,0.0,0.0,FALSE_POSITIVE,0.7244,accel_rms
PDFE23_1,PDFE23,1,,,29.108,33.208,0.0,0.0,FALSE_POSITIVE,0.751,accel_rms
PDFE23_1,PDFE23,1,,,38.408,40.508,0.0,0.0,FALSE_POSITIVE,0.6698,gyro_z_var
PDFE23_1,PDFE23,1,,,43.208,44.408,0.0,0.0,FALSE_POSITIVE,0.7959,stride_width
PDFE23_1,PDFE23,1,,,44.508,48.308,0.0,0.0,FALSE_POSITIVE,0.7469,left_knee_angle
PDFE23_1,PDFE23,1,,,48.408,49.508,0.0,0.0,FALSE_POSITIVE,0.839,gyro_z_var
PDFE23_1,PDFE23,1,,,49.908,50.908,0.0,0.0,FALSE_POSITIVE,0.67,gyro_x_var
PDFE23_1,PDFE23,1,,,53.508,54.608,0.0,0.0,FALSE_POSITIVE,0.8282,accel_rms
PDFE23_1,PDFE23,1,,,55.108,57.108,0.0,0.0,FALSE_POSITIVE,0.7238,gyro_z_var
PDFE23_1,PDFE23,1,,,58.908,62.708,0.0,0.0,FALSE_POSITIVE,0.7715,accel_rms
PDFE23_1,PDFE23,1,70.093,73.983,66.608,79.008,3.89,0.3137,TRUE_POSITIVE,0.788,gyro_z_var
PDFE23_1,PDFE23,1,83.648,91.023,82.708,84.808,1.16,0.1395,TRUE_POSITIVE,0.8326,gyro_z_var
PDFE23_1,PDFE23,1,83.648,91.023,85.908,93.108,5.115,0.5407,FRAGMENTED_OVERLAP,0.7413,left_knee_angle
PDFE23_1,PDFE23,1,,,94.308,95.408,0.0,0.0,FALSE_POSITIVE,0.7629,gyro_x_var
PDFE23_1,PDFE23,1,,,95.708,97.608,0.0,0.0,FALSE_POSITIVE,0.7274,stride_width
PDFE23_1,PDFE23,1,,,98.908,99.908,0.0,0.0,FALSE_POSITIVE,0.8228,gyro_z_var
PDFE23_1,PDFE23,1,,,100.108,101.108,0.0,0.0,FALSE_POSITIVE,0.9016,left_knee_angle
PDFE23_1,PDFE23,1,,,103.808,104.808,0.0,0.0,FALSE_POSITIVE,0.7135,stride_width
PDFE23_1,PDFE23,1,,,105.308,109.508,0.0,0.0,FALSE_POSITIVE,0.8174,gyro_z_var
PDFE23_1,PDFE23,1,,,109.608,114.908,0.0,0.0,FALSE_POSITIVE,0.7582,right_ankle_velocity
PDFE23_1,PDFE23,1,,,115.708,116.708,0.0,0.0,FALSE_POSITIVE,0.6144,gyro_x_var
PDFE23_2,PDFE23,2,,,1.708,2.708,0.0,0.0,FALSE_POSITIVE,0.6818,left_knee_angle
PDFE23_2,PDFE23,2,,,3.008,13.208,0.0,0.0,FALSE_POSITIVE,0.8009,left_knee_angle
PDFE23_2,PDFE23,2,,,19.108,20.508,0.0,0.0,FALSE_POSITIVE,0.6961,left_knee_angle
PDFE23_2,PDFE23,2,,,21.608,27.108,0.0,0.0,FALSE_POSITIVE,0.8463,left_knee_angle
PDFE23_2,PDFE23,2,,,28.208,29.208,0.0,0.0,FALSE_POSITIVE,0.6053,right_knee_angle
PDFE23_2,PDFE23,2,,,31.408,32.408,0.0,0.0,FALSE_POSITIVE,0.9662,left_knee_angle
PDFE23_2,PDFE23,2,,,32.608,34.008,0.0,0.0,FALSE_POSITIVE,0.7477,left_knee_angle
PDFE23_2,PDFE23,2,,,34.808,40.808,0.0,0.0,FALSE_POSITIVE,0.8055,left_knee_angle
PDFE23_2,PDFE23,2,,,44.008,46.108,0.0,0.0,FALSE_POSITIVE,0.7631,left_knee_angle
PDFE23_2,PDFE23,2,,,46.608,48.808,0.0,0.0,FALSE_POSITIVE,0.8212,left_knee_angle
PDFE23_2,PDFE23,2,,,48.908,55.808,0.0,0.0,FALSE_POSITIVE,0.8251,left_knee_angle
PDFE23_2,PDFE23,2,,,55.908,57.008,0.0,0.0,FALSE_POSITIVE,0.7415,left_knee_angle
PDFE23_2,PDFE23,2,,,60.808,61.908,0.0,0.0,FALSE_POSITIVE,0.7988,left_knee_angle
PDFE23_2,PDFE23,2,,,62.408,64.708,0.0,0.0,FALSE_POSITIVE,0.7559,left_knee_angle
PDFE23_2,PDFE23,2,,,64.908,67.308,0.0,0.0,FALSE_POSITIVE,0.8043,left_knee_angle
PDFE23_2,PDFE23,2,,,67.408,69.908,0.0,0.0,FALSE_POSITIVE,0.8199,left_knee_angle
PDFE23_2,PDFE23,2,,,71.108,72.108,0.0,0.0,FALSE_POSITIVE,0.7219,left_knee_angle
PDFE23_2,PDFE23,2,,,72.208,74.308,0.0,0.0,FALSE_POSITIVE,0.6718,left_knee_angle
PDFE23_2,PDFE23,2,,,74.508,75.608,0.0,0.0,FALSE_POSITIVE,0.8312,left_knee_angle
PDFE23_2,PDFE23,2,,,75.708,76.708,0.0,0.0,FALSE_POSITIVE,0.7839,left_knee_angle
PDFE23_2,PDFE23,2,,,77.008,86.208,0.0,0.0,FALSE_POSITIVE,0.8048,left_knee_angle
PDFE23_2,PDFE23,2,,,86.708,90.808,0.0,0.0,FALSE_POSITIVE,0.6771,right_knee_angle
PDFE23_2,PDFE23,2,,,90.908,102.908,0.0,0.0,FALSE_POSITIVE,0.7769,right_knee_angle
PDFE23_2,PDFE23,2,,,103.008,104.208,0.0,0.0,FALSE_POSITIVE,0.7274,left_knee_angle
PDFE23_2,PDFE23,2,,,105.608,106.608,0.0,0.0,FALSE_POSITIVE,0.6304,gyro_x_var
PDFE23_2,PDFE23,2,,,108.008,112.008,0.0,0.0,FALSE_POSITIVE,0.7315,left_ankle_velocity
PDFE23_2,PDFE23,2,,,112.208,114.708,0.0,0.0,FALSE_POSITIVE,0.7367,stride_width
PDFE23_2,PDFE23,2,,,114.808,119.908,0.0,0.0,FALSE_POSITIVE,0.7762,left_ankle_velocity
PDFE24_1,PDFE24,1,7.398,15.872,10.408,11.708,1.3,0.1534,TRUE_POSITIVE,0.6717,right_knee_angle
PDFE24_1,PDFE24,1,7.398,15.872,11.908,14.908,3.0,0.354,FRAGMENTED_OVERLAP,0.863,right_knee_angle
PDFE24_1,PDFE24,1,7.398,15.872,15.108,19.008,0.764,0.0658,FRAGMENTED_OVERLAP,0.7671,accel_rms
PDFE24_1,PDFE24,1,,,19.108,23.708,0.0,0.0,FALSE_POSITIVE,0.838,left_knee_angle
PDFE24_1,PDFE24,1,24.97,26.839,24.708,26.508,1.538,0.7217,TRUE_POSITIVE,0.7306,right_knee_angle
PDFE24_1,PDFE24,1,,,28.908,30.308,0.0,0.0,FALSE_POSITIVE,0.6198,left_knee_angle
PDFE24_1,PDFE24,1,33.569,36.824,32.108,35.608,2.039,0.4324,TRUE_POSITIVE,0.7293,left_knee_angle
PDFE24_1,PDFE24,1,40.23,41.545,36.908,40.808,0.578,0.1246,TRUE_POSITIVE,0.6926,left_knee_angle
PDFE24_1,PDFE24,1,,,42.808,44.408,0.0,0.0,FALSE_POSITIVE,0.6197,right_knee_angle
PDFE24_1,PDFE24,1,,,47.708,60.208,0.0,0.0,FALSE_POSITIVE,0.738,left_knee_angle
PDFE24_1,PDFE24,1,,,61.708,63.908,0.0,0.0,FALSE_POSITIVE,0.6759,left_knee_angle
PDFE24_1,PDFE24,1,64.691,66.22,65.008,68.908,1.212,0.2874,TRUE_POSITIVE,0.7123,left_knee_angle
PDFE24_1,PDFE24,1,,,74.608,75.608,0.0,0.0,FALSE_POSITIVE,0.6001,stride_width
PDFE24_1,PDFE24,1,80.801,84.106,82.008,83.008,1.0,0.3026,TRUE_POSITIVE,0.643,right_knee_angle
PDFE24_1,PDFE24,1,80.801,84.106,83.108,84.808,0.998,0.2491,FRAGMENTED_OVERLAP,0.6256,right_knee_angle
PDFE24_1,PDFE24,1,,,85.908,89.708,0.0,0.0,FALSE_POSITIVE,0.6469,right_knee_angle
PDFE24_1,PDFE24,1,,,91.608,93.408,0.0,0.0,FALSE_POSITIVE,0.7142,left_knee_angle
PDFE24_1,PDFE24,1,,,93.708,95.908,0.0,0.0,FALSE_POSITIVE,0.7416,right_ankle_velocity
PDFE24_1,PDFE24,1,,,97.308,98.708,0.0,0.0,FALSE_POSITIVE,0.6212,left_knee_angle
PDFE24_1,PDFE24,1,,,99.708,100.708,0.0,0.0,FALSE_POSITIVE,0.6347,right_ankle_velocity
PDFE24_1,PDFE24,1,,,102.208,103.508,0.0,0.0,FALSE_POSITIVE,0.6777,left_knee_angle
PDFE24_1,PDFE24,1,,,104.408,111.408,0.0,0.0,FALSE_POSITIVE,0.7457,left_knee_angle
PDFE24_1,PDFE24,1,111.629,115.073,111.908,113.808,1.9,0.5517,TRUE_POSITIVE,0.7906,right_knee_angle
PDFE24_1,PDFE24,1,117.164,120.0,,,0.0,0.0,FALSE_NEGATIVE,0.0,None
PDFE25_1,PDFE25,1,,,20.608,21.708,0.0,0.0,FALSE_POSITIVE,0.6662,gyro_z_var
PDFE25_1,PDFE25,1,,,49.608,50.608,0.0,0.0,FALSE_POSITIVE,0.7248,gyro_z_var
PDFE25_1,PDFE25,1,,,55.708,56.708,0.0,0.0,FALSE_POSITIVE,0.7132,gyro_z_var
PDFE25_1,PDFE25,1,,,61.908,62.908,0.0,0.0,FALSE_POSITIVE,0.6317,gyro_z_var
PDFE25_1,PDFE25,1,,,65.008,66.008,0.0,0.0,FALSE_POSITIVE,0.7034,gyro_z_var
PDFE25_1,PDFE25,1,,,94.308,95.408,0.0,0.0,FALSE_POSITIVE,0.8435,gyro_z_var
PDFE25_1,PDFE25,1,,,101.008,102.108,0.0,0.0,FALSE_POSITIVE,0.761,gyro_z_var
PDFE25_1,PDFE25,1,,,114.708,116.008,0.0,0.0,FALSE_POSITIVE,0.9389,gyro_z_var
PDFE25_1,PDFE25,1,,,118.508,119.908,0.0,0.0,FALSE_POSITIVE,0.9714,gyro_z_var
PDFE25_2,PDFE25,2,,,4.008,5.108,0.0,0.0,FALSE_POSITIVE,0.7865,gyro_z_var
PDFE25_3,PDFE25,3,,,5.408,6.808,0.0,0.0,FALSE_POSITIVE,0.9092,gyro_z_var
PDFE25_3,PDFE25,3,,,15.908,17.008,0.0,0.0,FALSE_POSITIVE,0.7355,gyro_z_var
PDFE25_3,PDFE25,3,,,32.208,33.608,0.0,0.0,FALSE_POSITIVE,0.7919,gyro_z_var
PDFE25_3,PDFE25,3,,,39.008,40.408,0.0,0.0,FALSE_POSITIVE,0.8567,gyro_z_var
PDFE25_3,PDFE25,3,,,45.908,47.208,0.0,0.0,FALSE_POSITIVE,0.7576,gyro_z_var
PDFE25_3,PDFE25,3,,,87.708,89.108,0.0,0.0,FALSE_POSITIVE,0.706,gyro_z_var
PDFE25_3,PDFE25,3,,,102.408,103.808,0.0,0.0,FALSE_POSITIVE,0.9493,gyro_z_var
PDFE26_1,PDFE26,1,,,7.208,8.408,0.0,0.0,FALSE_POSITIVE,0.9714,gyro_z_var
PDFE26_1,PDFE26,1,,,16.308,17.308,0.0,0.0,FALSE_POSITIVE,0.6477,gyro_z_var
PDFE26_1,PDFE26,1,,,32.608,33.808,0.0,0.0,FALSE_POSITIVE,0.9015,gyro_z_var
PDFE26_1,PDFE26,1,,,84.308,85.508,0.0,0.0,FALSE_POSITIVE,0.9028,gyro_z_var
PDFE26_1,PDFE26,1,,,89.708,90.908,0.0,0.0,FALSE_POSITIVE,0.8556,gyro_z_var
PDFE26_1,PDFE26,1,,,101.308,102.508,0.0,0.0,FALSE_POSITIVE,0.7838,gyro_z_var
PDFE26_1,PDFE26,1,,,107.108,108.308,0.0,0.0,FALSE_POSITIVE,0.8075,gyro_z_var
PDFE26_1,PDFE26,1,,,118.708,119.908,0.0,0.0,FALSE_POSITIVE,0.8538,gyro_z_var
PDFE26_2,PDFE26,2,,,20.308,21.308,0.0,0.0,FALSE_POSITIVE,0.9523,gyro_z_var
PDFE26_3,PDFE26,3,,,5.208,6.508,0.0,0.0,FALSE_POSITIVE,0.9437,gyro_z_var
PDFE26_3,PDFE26,3,,,17.208,18.208,0.0,0.0,FALSE_POSITIVE,0.711,gyro_z_var
PDFE26_3,PDFE26,3,,,103.008,104.208,0.0,0.0,FALSE_POSITIVE,0.8534,gyro_z_var
PDFE26_3,PDFE26,3,,,109.808,110.808,0.0,0.0,FALSE_POSITIVE,0.8535,left_knee_angle
PDFE27_1,PDFE27,1,5.376,30.721,3.308,9.808,4.432,0.1617,TRUE_POSITIVE,0.8313,right_ankle_velocity
PDFE27_1,PDFE27,1,5.376,30.721,10.808,15.808,5.0,0.1973,FRAGMENTED_OVERLAP,0.8895,right_knee_angle
PDFE27_1,PDFE27,1,5.376,30.721,16.008,40.008,14.713,0.4248,FRAGMENTED_OVERLAP,0.8572,left_knee_angle
PDFE27_1,PDFE27,1,,,44.208,47.408,0.0,0.0,FALSE_POSITIVE,0.7185,right_knee_angle
PDFE27_1,PDFE27,1,50.679,75.64,49.108,55.408,4.729,0.1782,TRUE_POSITIVE,0.9326,right_ankle_velocity
PDFE27_1,PDFE27,1,50.679,75.64,56.708,72.008,15.3,0.613,FRAGMENTED_OVERLAP,0.8934,left_knee_angle
PDFE27_1,PDFE27,1,82.14,109.341,73.908,86.008,3.868,0.1092,TRUE_POSITIVE,0.8894,right_knee_angle
PDFE27_1,PDFE27,1,82.14,109.341,88.608,89.808,1.2,0.0441,FRAGMENTED_OVERLAP,0.6838,left_knee_angle
PDFE27_1,PDFE27,1,82.14,109.341,90.908,98.408,7.5,0.2757,FRAGMENTED_OVERLAP,0.7518,right_knee_angle
PDFE27_1,PDFE27,1,82.14,109.341,99.208,106.908,7.7,0.2831,FRAGMENTED_OVERLAP,0.758,right_knee_angle
PDFE27_1,PDFE27,1,114.634,120.0,111.008,119.908,5.274,0.5865,TRUE_POSITIVE,0.7957,right_knee_angle
PDFE27_1,PDFE27,1,31.579,41.99,,,0.0,0.0,FALSE_NEGATIVE,0.0,None
PDFE27_1,PDFE27,1,76.96,77.449,,,0.0,0.0,FALSE_NEGATIVE,0.0,None
PDFE27_2,PDFE27,2,6.967,10.511,4.008,8.208,1.241,0.1908,TRUE_POSITIVE,0.8082,right_knee_angle
PDFE27_2,PDFE27,2,,,13.208,15.108,0.0,0.0,FALSE_POSITIVE,0.8655,gyro_z_var
PDFE27_2,PDFE27,2,20.06,24.264,18.708,22.808,2.748,0.4946,TRUE_POSITIVE,0.9171,gyro_z_var
PDFE27_2,PDFE27,2,27.988,33.634,27.208,32.408,4.42,0.6878,TRUE_POSITIVE,0.8689,right_knee_angle
PDFE27_2,PDFE27,2,,,36.208,38.208,0.0,0.0,FALSE_POSITIVE,0.9114,gyro_z_var
PDFE27_2,PDFE27,2,,,42.608,45.608,0.0,0.0,FALSE_POSITIVE,0.9127,gyro_z_var
PDFE27_2,PDFE27,2,,,50.608,53.908,0.0,0.0,FALSE_POSITIVE,0.9259,gyro_z_var
PDFE27_2,PDFE27,2,,,56.608,57.908,0.0,0.0,FALSE_POSITIVE,0.6701,accel_rms
PDFE27_2,PDFE27,2,60.7,64.264,59.008,63.308,2.608,0.4962,TRUE_POSITIVE,0.9199,gyro_z_var
PDFE27_2,PDFE27,2,,,67.708,70.008,0.0,0.0,FALSE_POSITIVE,0.7639,left_knee_angle
PDFE27_2,PDFE27,2,,,72.508,73.708,0.0,0.0,FALSE_POSITIVE,0.6674,left_ankle_velocity
PDFE27_2,PDFE27,2,,,74.208,80.408,0.0,0.0,FALSE_POSITIVE,0.9414,gyro_z_var
PDFE27_2,PDFE27,2,,,84.408,85.508,0.0,0.0,FALSE_POSITIVE,0.6718,left_ankle_velocity
PDFE27_2,PDFE27,2,,,86.908,88.408,0.0,0.0,FALSE_POSITIVE,0.8582,left_knee_angle
PDFE27_2,PDFE27,2,,,93.508,94.508,0.0,0.0,FALSE_POSITIVE,0.7193,gyro_x_var
PDFE27_2,PDFE27,2,96.216,99.7,95.208,99.308,3.092,0.6883,TRUE_POSITIVE,0.9188,left_knee_angle
PDFE27_2,PDFE27,2,,,104.308,105.308,0.0,0.0,FALSE_POSITIVE,0.6148,gyro_z_var
PDFE27_2,PDFE27,2,,,105.408,107.608,0.0,0.0,FALSE_POSITIVE,0.9377,gyro_z_var
PDFE27_2,PDFE27,2,112.192,120.0,111.808,113.708,1.516,0.1851,TRUE_POSITIVE,0.9127,left_knee_angle
PDFE27_2,PDFE27,2,112.192,120.0,113.808,119.908,6.1,0.7812,FRAGMENTED_OVERLAP,0.8704,left_knee_angle
PDFE27_3,PDFE27,3,,,2.808,5.508,0.0,0.0,FALSE_POSITIVE,0.8512,gyro_z_var
PDFE27_3,PDFE27,3,,,6.408,8.608,0.0,0.0,FALSE_POSITIVE,0.8345,left_knee_angle
PDFE27_3,PDFE27,3,,,11.508,14.808,0.0,0.0,FALSE_POSITIVE,0.8556,stride_width
PDFE27_3,PDFE27,3,,,19.208,22.508,0.0,0.0,FALSE_POSITIVE,0.8753,left_knee_angle
PDFE27_3,PDFE27,3,,,25.408,26.508,0.0,0.0,FALSE_POSITIVE,0.9199,left_knee_angle
PDFE27_3,PDFE27,3,,,27.608,33.108,0.0,0.0,FALSE_POSITIVE,0.8382,left_knee_angle
PDFE27_3,PDFE27,3,,,38.608,40.708,0.0,0.0,FALSE_POSITIVE,0.7767,left_knee_angle
PDFE27_3,PDFE27,3,45.037,48.558,43.408,46.908,1.871,0.3633,TRUE_POSITIVE,0.8538,right_ankle_velocity
PDFE27_3,PDFE27,3,45.037,48.558,48.108,50.908,0.45,0.0766,FRAGMENTED_OVERLAP,0.7586,stride_width
PDFE27_3,PDFE27,3,,,58.408,61.108,0.0,0.0,FALSE_POSITIVE,0.845,left_ankle_velocity
PDFE27_3,PDFE27,3,,,63.908,65.608,0.0,0.0,FALSE_POSITIVE,0.6944,right_ankle_velocity
PDFE27_3,PDFE27,3,,,68.808,70.908,0.0,0.0,FALSE_POSITIVE,0.9719,gyro_z_var
PDFE27_3,PDFE27,3,,,78.308,81.208,0.0,0.0,FALSE_POSITIVE,0.862,stride_width
PDFE27_3,PDFE27,3,,,87.108,90.908,0.0,0.0,FALSE_POSITIVE,0.8298,stride_width
PDFE27_3,PDFE27,3,,,96.608,101.808,0.0,0.0,FALSE_POSITIVE,0.8258,right_knee_angle
PDFE27_3,PDFE27,3,,,108.508,112.908,0.0,0.0,FALSE_POSITIVE,0.8326,left_knee_angle
PDFE27_3,PDFE27,3,,,113.808,115.408,0.0,0.0,FALSE_POSITIVE,0.9248,gyro_x_var
PDFE27_3,PDFE27,3,,,116.608,117.708,0.0,0.0,FALSE_POSITIVE,0.6845,left_ankle_velocity
PDFE27_3,PDFE27,3,,,118.408,119.908,0.0,0.0,FALSE_POSITIVE,0.9542,gyro_z_var
PDFE28_1,PDFE28,1,,,2.108,4.008,0.0,0.0,FALSE_POSITIVE,0.8086,gyro_z_var
PDFE28_1,PDFE28,1,,,6.408,8.108,0.0,0.0,FALSE_POSITIVE,0.7511,gyro_z_var
PDFE28_1,PDFE28,1,,,10.408,12.508,0.0,0.0,FALSE_POSITIVE,0.8811,gyro_z_var
PDFE28_1,PDFE28,1,,,19.108,22.308,0.0,0.0,FALSE_POSITIVE,0.8691,gyro_z_var
PDFE28_1,PDFE28,1,,,25.608,27.308,0.0,0.0,FALSE_POSITIVE,0.9149,gyro_z_var
PDFE28_1,PDFE28,1,,,30.508,32.608,0.0,0.0,FALSE_POSITIVE,0.9544,gyro_z_var
PDFE28_1,PDFE28,1,,,36.108,37.108,0.0,0.0,FALSE_POSITIVE,0.7063,gyro_z_var
PDFE28_1,PDFE28,1,,,40.308,42.608,0.0,0.0,FALSE_POSITIVE,0.9386,gyro_z_var
PDFE28_1,PDFE28,1,,,46.008,47.108,0.0,0.0,FALSE_POSITIVE,0.8343,gyro_z_var
PDFE28_1,PDFE28,1,,,50.408,53.308,0.0,0.0,FALSE_POSITIVE,0.9339,gyro_z_var
PDFE28_1,PDFE28,1,,,55.908,56.908,0.0,0.0,FALSE_POSITIVE,0.6078,gyro_z_var
PDFE28_1,PDFE28,1,,,57.208,59.308,0.0,0.0,FALSE_POSITIVE,0.8521,gyro_z_var
PDFE28_1,PDFE28,1,,,62.108,65.408,0.0,0.0,FALSE_POSITIVE,0.8625,gyro_z_var
PDFE28_1,PDFE28,1,,,66.808,67.808,0.0,0.0,FALSE_POSITIVE,0.8176,gyro_z_var
PDFE28_1,PDFE28,1,,,68.108,69.108,0.0,0.0,FALSE_POSITIVE,0.6445,stride_width
PDFE28_1,PDFE28,1,,,69.308,71.308,0.0,0.0,FALSE_POSITIVE,0.9414,gyro_z_var
PDFE28_1,PDFE28,1,,,72.508,73.708,0.0,0.0,FALSE_POSITIVE,0.7566,gyro_z_var
PDFE28_1,PDFE28,1,,,74.308,77.608,0.0,0.0,FALSE_POSITIVE,0.9044,gyro_z_var
PDFE28_1,PDFE28,1,,,79.008,80.008,0.0,0.0,FALSE_POSITIVE,0.7737,gyro_z_var
PDFE28_1,PDFE28,1,,,81.408,82.908,0.0,0.0,FALSE_POSITIVE,0.7568,gyro_z_var
PDFE28_1,PDFE28,1,,,86.308,89.608,0.0,0.0,FALSE_POSITIVE,0.8579,gyro_z_var
PDFE28_1,PDFE28,1,,,89.708,90.708,0.0,0.0,FALSE_POSITIVE,0.7226,gyro_z_var
PDFE28_1,PDFE28,1,,,92.208,93.308,0.0,0.0,FALSE_POSITIVE,0.8504,right_ankle_velocity
PDFE28_1,PDFE28,1,,,93.508,95.008,0.0,0.0,FALSE_POSITIVE,0.8273,gyro_z_var
PDFE28_1,PDFE28,1,,,99.308,101.908,0.0,0.0,FALSE_POSITIVE,0.917,gyro_z_var
PDFE28_1,PDFE28,1,,,103.308,104.308,0.0,0.0,FALSE_POSITIVE,0.8849,gyro_z_var
PDFE28_1,PDFE28,1,,,104.608,105.708,0.0,0.0,FALSE_POSITIVE,0.9156,gyro_z_var
PDFE28_1,PDFE28,1,,,105.908,107.208,0.0,0.0,FALSE_POSITIVE,0.7841,gyro_z_var
PDFE28_1,PDFE28,1,,,107.508,108.508,0.0,0.0,FALSE_POSITIVE,0.9418,gyro_z_var
PDFE28_1,PDFE28,1,,,109.608,110.608,0.0,0.0,FALSE_POSITIVE,0.9681,gyro_z_var
PDFE28_1,PDFE28,1,,,111.808,112.908,0.0,0.0,FALSE_POSITIVE,0.7599,gyro_z_var
PDFE28_1,PDFE28,1,,,113.008,115.508,0.0,0.0,FALSE_POSITIVE,0.8896,gyro_z_var
PDFE28_1,PDFE28,1,,,115.708,116.708,0.0,0.0,FALSE_POSITIVE,0.9431,gyro_z_var
PDFE28_1,PDFE28,1,,,117.008,118.108,0.0,0.0,FALSE_POSITIVE,0.9349,gyro_z_var
PDFE28_1,PDFE28,1,,,118.308,119.308,0.0,0.0,FALSE_POSITIVE,0.9548,gyro_z_var
PDFE28_2,PDFE28,2,,,6.308,8.608,0.0,0.0,FALSE_POSITIVE,0.8763,gyro_z_var
PDFE28_2,PDFE28,2,,,11.508,13.208,0.0,0.0,FALSE_POSITIVE,0.9267,gyro_z_var
PDFE28_2,PDFE28,2,,,17.008,19.208,0.0,0.0,FALSE_POSITIVE,0.9334,gyro_z_var
PDFE28_2,PDFE28,2,,,23.108,24.208,0.0,0.0,FALSE_POSITIVE,0.93,gyro_z_var
PDFE28_2,PDFE28,2,,,27.408,29.608,0.0,0.0,FALSE_POSITIVE,0.8812,left_knee_angle
PDFE28_2,PDFE28,2,,,32.108,33.108,0.0,0.0,FALSE_POSITIVE,0.6473,gyro_z_var
PDFE28_2,PDFE28,2,,,33.208,34.208,0.0,0.0,FALSE_POSITIVE,0.8208,gyro_z_var
PDFE28_2,PDFE28,2,,,37.508,40.408,0.0,0.0,FALSE_POSITIVE,0.922,gyro_z_var
PDFE28_2,PDFE28,2,,,44.608,45.808,0.0,0.0,FALSE_POSITIVE,0.7828,left_ankle_velocity
PDFE28_2,PDFE28,2,,,50.108,52.508,0.0,0.0,FALSE_POSITIVE,0.8206,left_knee_angle
PDFE28_2,PDFE28,2,,,55.908,56.908,0.0,0.0,FALSE_POSITIVE,0.6504,gyro_z_var
PDFE28_2,PDFE28,2,,,57.808,58.808,0.0,0.0,FALSE_POSITIVE,0.6652,left_knee_angle
PDFE28_2,PDFE28,2,,,62.708,65.908,0.0,0.0,FALSE_POSITIVE,0.8899,gyro_z_var
PDFE28_2,PDFE28,2,,,71.108,72.908,0.0,0.0,FALSE_POSITIVE,0.852,gyro_z_var
PDFE28_2,PDFE28,2,,,77.008,80.208,0.0,0.0,FALSE_POSITIVE,0.8818,right_knee_angle
PDFE28_2,PDFE28,2,,,86.308,88.408,0.0,0.0,FALSE_POSITIVE,0.9445,gyro_z_var
PDFE28_2,PDFE28,2,,,92.308,95.508,0.0,0.0,FALSE_POSITIVE,0.8426,gyro_z_var
PDFE28_2,PDFE28,2,,,100.008,101.208,0.0,0.0,FALSE_POSITIVE,0.7233,gyro_z_var
PDFE28_2,PDFE28,2,,,106.308,111.008,0.0,0.0,FALSE_POSITIVE,0.8799,gyro_z_var
PDFE28_2,PDFE28,2,,,112.208,113.308,0.0,0.0,FALSE_POSITIVE,0.7735,stride_width
PDFE28_2,PDFE28,2,,,115.608,119.208,0.0,0.0,FALSE_POSITIVE,0.7251,gyro_z_var
PDFE28_3,PDFE28,3,,,2.208,3.708,0.0,0.0,FALSE_POSITIVE,0.9411,gyro_z_var
PDFE28_3,PDFE28,3,,,10.208,11.908,0.0,0.0,FALSE_POSITIVE,0.9163,gyro_z_var
PDFE28_3,PDFE28,3,,,14.908,16.608,0.0,0.0,FALSE_POSITIVE,0.9062,gyro_z_var
PDFE28_3,PDFE28,3,,,18.808,20.908,0.0,0.0,FALSE_POSITIVE,0.9136,gyro_z_var
PDFE28_3,PDFE28,3,,,23.408,25.508,0.0,0.0,FALSE_POSITIVE,0.7552,gyro_z_var
PDFE28_3,PDFE28,3,,,27.708,29.708,0.0,0.0,FALSE_POSITIVE,0.9049,gyro_z_var
PDFE28_3,PDFE28,3,,,36.808,38.708,0.0,0.0,FALSE_POSITIVE,0.9231,gyro_z_var
PDFE28_3,PDFE28,3,,,41.208,43.008,0.0,0.0,FALSE_POSITIVE,0.7869,gyro_z_var
PDFE28_3,PDFE28,3,,,45.308,47.908,0.0,0.0,FALSE_POSITIVE,0.8276,gyro_z_var
PDFE28_3,PDFE28,3,,,51.108,52.308,0.0,0.0,FALSE_POSITIVE,0.8223,gyro_z_var
PDFE28_3,PDFE28,3,,,55.308,57.508,0.0,0.0,FALSE_POSITIVE,0.9163,gyro_z_var
PDFE28_3,PDFE28,3,,,60.808,62.008,0.0,0.0,FALSE_POSITIVE,0.916,gyro_z_var
PDFE28_3,PDFE28,3,,,65.008,67.208,0.0,0.0,FALSE_POSITIVE,0.9093,gyro_z_var
PDFE28_3,PDFE28,3,,,69.508,70.508,0.0,0.0,FALSE_POSITIVE,0.6525,left_ankle_velocity
PDFE28_3,PDFE28,3,,,70.708,72.808,0.0,0.0,FALSE_POSITIVE,0.7232,gyro_z_var
PDFE28_3,PDFE28,3,,,75.808,78.008,0.0,0.0,FALSE_POSITIVE,0.9438,gyro_z_var
PDFE28_3,PDFE28,3,,,86.808,89.108,0.0,0.0,FALSE_POSITIVE,0.8912,gyro_z_var
PDFE28_3,PDFE28,3,,,92.408,94.708,0.0,0.0,FALSE_POSITIVE,0.8211,gyro_z_var
PDFE28_3,PDFE28,3,,,97.308,100.208,0.0,0.0,FALSE_POSITIVE,0.9041,gyro_z_var
PDFE28_3,PDFE28,3,,,107.708,110.108,0.0,0.0,FALSE_POSITIVE,0.9177,gyro_z_var
PDFE28_3,PDFE28,3,,,113.608,114.608,0.0,0.0,FALSE_POSITIVE,0.8778,gyro_z_var
PDFE28_3,PDFE28,3,,,117.908,119.908,0.0,0.0,FALSE_POSITIVE,0.8222,gyro_z_var
PDFE29_1,PDFE29,1,,,0.008,1.208,0.0,0.0,FALSE_POSITIVE,0.7645,stride_width
PDFE29_1,PDFE29,1,1.463,3.362,1.608,2.808,1.2,0.6319,TRUE_POSITIVE,0.7114,stride_width
PDFE29_1,PDFE29,1,,,3.508,4.508,0.0,0.0,FALSE_POSITIVE,0.6537,right_ankle_velocity
PDFE29_1,PDFE29,1,5.92,9.405,4.608,8.408,2.488,0.5187,TRUE_POSITIVE,0.9029,left_knee_angle
PDFE29_1,PDFE29,1,,,9.508,10.508,0.0,0.0,FALSE_POSITIVE,0.7055,right_ankle_velocity
PDFE29_1,PDFE29,1,14.556,20.917,13.108,19.108,4.552,0.5829,TRUE_POSITIVE,0.8128,stride_width
PDFE29_1,PDFE29,1,21.771,32.108,19.508,31.308,9.537,0.7569,TRUE_POSITIVE,0.812,stride_width
PDFE29_1,PDFE29,1,33.582,38.233,32.408,36.108,2.526,0.4336,TRUE_POSITIVE,0.7778,left_knee_angle
PDFE29_1,PDFE29,1,40.445,44.606,38.608,43.608,3.163,0.5273,TRUE_POSITIVE,0.8379,accel_rms
PDFE29_1,PDFE29,1,48.921,51.802,47.408,50.408,1.487,0.3384,TRUE_POSITIVE,0.9284,accel_rms
PDFE29_1,PDFE29,1,,,55.008,56.208,0.0,0.0,FALSE_POSITIVE,0.6421,accel_rms
PDFE29_1,PDFE29,1,,,56.808,58.508,0.0,0.0,FALSE_POSITIVE,0.8118,accel_rms
PDFE29_1,PDFE29,1,62.207,64.757,62.208,63.308,1.1,0.4314,TRUE_POSITIVE,0.8512,left_knee_angle
PDFE29_1,PDFE29,1,,,68.608,69.908,0.0,0.0,FALSE_POSITIVE,0.8735,left_knee_angle
PDFE29_1,PDFE29,1,,,73.108,74.408,0.0,0.0,FALSE_POSITIVE,0.9356,gyro_x_var
PDFE29_1,PDFE29,1,79.428,84.25,78.608,80.708,1.28,0.2269,TRUE_POSITIVE,0.8055,accel_rms
PDFE29_1,PDFE29,1,79.428,84.25,81.708,83.008,1.3,0.2696,FRAGMENTED_OVERLAP,0.7625,stride_width
PDFE29_1,PDFE29,1,,,86.508,89.308,0.0,0.0,FALSE_POSITIVE,0.7896,accel_rms
PDFE29_1,PDFE29,1,95.273,98.154,93.608,96.508,1.235,0.2717,TRUE_POSITIVE,0.8035,left_knee_angle
PDFE29_1,PDFE29,1,100.849,103.922,99.808,101.208,0.359,0.0873,TRUE_POSITIVE,0.7916,left_knee_angle
PDFE29_1,PDFE29,1,100.849,103.922,101.608,103.308,1.7,0.5532,FRAGMENTED_OVERLAP,0.6357,stride_width
PDFE29_1,PDFE29,1,,,107.008,108.108,0.0,0.0,FALSE_POSITIVE,0.8049,right_knee_angle
PDFE29_1,PDFE29,1,,,109.108,110.808,0.0,0.0,FALSE_POSITIVE,0.8127,left_knee_angle
PDFE29_1,PDFE29,1,,,112.908,114.708,0.0,0.0,FALSE_POSITIVE,0.8014,left_knee_angle
PDFE30_1,PDFE30,1,,,6.608,7.908,0.0,0.0,FALSE_POSITIVE,0.6963,left_ankle_velocity
PDFE30_1,PDFE30,1,14.572,17.069,13.508,15.308,0.736,0.2067,TRUE_POSITIVE,0.8922,right_knee_angle
PDFE30_1,PDFE30,1,,,21.908,22.908,0.0,0.0,FALSE_POSITIVE,0.6972,right_knee_angle
PDFE30_1,PDFE30,1,24.54,26.474,23.708,25.608,1.068,0.3861,TRUE_POSITIVE,0.8363,left_knee_angle
PDFE30_1,PDFE30,1,,,26.708,28.108,0.0,0.0,FALSE_POSITIVE,0.7191,left_knee_angle
PDFE30_1,PDFE30,1,,,30.008,31.908,0.0,0.0,FALSE_POSITIVE,0.6878,stride_width
PDFE30_1,PDFE30,1,33.002,37.12,32.708,34.808,1.806,0.4093,TRUE_POSITIVE,0.7584,stride_width
PDFE30_1,PDFE30,1,33.002,37.12,35.208,36.208,1.0,0.2428,FRAGMENTED_OVERLAP,0.6073,right_ankle_velocity
PDFE30_1,PDFE30,1,,,37.908,39.608,0.0,0.0,FALSE_POSITIVE,0.7625,left_knee_angle
PDFE30_1,PDFE30,1,40.497,41.948,41.508,42.508,0.44,0.2188,TRUE_POSITIVE,0.7301,right_ankle_velocity
PDFE30_1,PDFE30,1,,,42.908,43.908,0.0,0.0,FALSE_POSITIVE,0.6744,left_knee_angle
PDFE30_1,PDFE30,1,,,44.308,45.308,0.0,0.0,FALSE_POSITIVE,0.8239,left_knee_angle
PDFE30_1,PDFE30,1,46.542,54.641,49.608,54.108,4.5,0.5556,TRUE_POSITIVE,0.7828,left_knee_angle
PDFE30_1,PDFE30,1,56.696,60.238,55.408,56.808,0.112,0.0232,TRUE_POSITIVE,0.7084,right_knee_angle
PDFE30_1,PDFE30,1,56.696,60.238,58.908,60.208,1.3,0.367,FRAGMENTED_OVERLAP,0.8666,right_ankle_velocity
PDFE30_1,PDFE30,1,,,62.008,63.208,0.0,0.0,FALSE_POSITIVE,0.7144,left_knee_angle
PDFE30_1,PDFE30,1,,,63.308,64.308,0.0,0.0,FALSE_POSITIVE,0.8271,right_knee_angle
PDFE30_1,PDFE30,1,,,69.808,70.808,0.0,0.0,FALSE_POSITIVE,0.6885,left_knee_angle
PDFE30_1,PDFE30,1,77.731,83.577,77.508,82.108,4.377,0.7212,TRUE_POSITIVE,0.7439,right_knee_angle
PDFE30_1,PDFE30,1,77.731,83.577,82.208,84.208,1.369,0.2114,FRAGMENTED_OVERLAP,0.7298,right_ankle_velocity
PDFE30_1,PDFE30,1,,,88.208,89.308,0.0,0.0,FALSE_POSITIVE,0.798,left_knee_angle
PDFE30_1,PDFE30,1,92.018,112.547,93.808,95.908,2.1,0.1023,TRUE_POSITIVE,0.6748,right_ankle_velocity
PDFE30_1,PDFE30,1,92.018,112.547,96.508,97.608,1.1,0.0536,FRAGMENTED_OVERLAP,0.6591,stride_width
PDFE30_1,PDFE30,1,92.018,112.547,109.908,111.708,1.8,0.0877,FRAGMENTED_OVERLAP,0.6755,stride_width
PDFE30_1,PDFE30,1,,,114.908,117.108,0.0,0.0,FALSE_POSITIVE,0.7128,left_knee_angle
PDFE30_1,PDFE30,1,119.0,120.0,117.608,119.408,0.408,0.1706,TRUE_POSITIVE,0.9159,left_knee_angle
PDFE30_2,PDFE30,2,,,3.608,4.608,0.0,0.0,FALSE_POSITIVE,0.7101,gyro_z_var
PDFE30_2,PDFE30,2,,,7.808,8.808,0.0,0.0,FALSE_POSITIVE,0.6282,gyro_z_var
PDFE30_2,PDFE30,2,,,9.008,11.908,0.0,0.0,FALSE_POSITIVE,0.7377,gyro_z_var
PDFE30_2,PDFE30,2,,,19.708,20.708,0.0,0.0,FALSE_POSITIVE,0.9637,gyro_z_var
PDFE30_2,PDFE30,2,,,28.108,29.508,0.0,0.0,FALSE_POSITIVE,0.9278,gyro_z_var
PDFE30_2,PDFE30,2,34.659,36.985,33.008,35.608,0.949,0.2386,TRUE_POSITIVE,0.8222,gyro_z_var
PDFE30_2,PDFE30,2,,,39.608,40.708,0.0,0.0,FALSE_POSITIVE,0.8957,gyro_z_var
PDFE30_2,PDFE30,2,,,44.508,46.208,0.0,0.0,FALSE_POSITIVE,0.7704,gyro_z_var
PDFE30_2,PDFE30,2,,,54.508,55.908,0.0,0.0,FALSE_POSITIVE,0.7739,gyro_z_var
PDFE30_2,PDFE30,2,,,64.308,65.808,0.0,0.0,FALSE_POSITIVE,0.8012,gyro_z_var
PDFE30_2,PDFE30,2,,,68.808,70.408,0.0,0.0,FALSE_POSITIVE,0.8139,gyro_z_var
PDFE30_2,PDFE30,2,,,74.708,75.708,0.0,0.0,FALSE_POSITIVE,0.7149,gyro_z_var
PDFE30_2,PDFE30,2,,,79.308,81.308,0.0,0.0,FALSE_POSITIVE,0.8225,gyro_z_var
PDFE30_2,PDFE30,2,,,84.908,85.908,0.0,0.0,FALSE_POSITIVE,0.7365,gyro_z_var
PDFE30_2,PDFE30,2,,,89.308,90.808,0.0,0.0,FALSE_POSITIVE,0.8321,gyro_z_var
PDFE30_2,PDFE30,2,,,94.108,96.008,0.0,0.0,FALSE_POSITIVE,0.7794,gyro_z_var
PDFE30_2,PDFE30,2,,,99.308,100.808,0.0,0.0,FALSE_POSITIVE,0.8576,gyro_z_var
PDFE30_2,PDFE30,2,,,108.408,110.008,0.0,0.0,FALSE_POSITIVE,0.8761,gyro_z_var
PDFE30_2,PDFE30,2,,,114.608,116.308,0.0,0.0,FALSE_POSITIVE,0.7002,gyro_z_var
PDFE30_2,PDFE30,2,,,118.708,119.808,0.0,0.0,FALSE_POSITIVE,0.6404,accel_rms
PDFE31_1,PDFE31,1,,,4.708,6.008,0.0,0.0,FALSE_POSITIVE,0.8735,gyro_z_var
PDFE31_1,PDFE31,1,,,8.708,9.908,0.0,0.0,FALSE_POSITIVE,0.7341,stride_width
PDFE31_1,PDFE31,1,,,10.008,11.408,0.0,0.0,FALSE_POSITIVE,0.9049,gyro_z_var
PDFE31_1,PDFE31,1,,,15.608,18.208,0.0,0.0,FALSE_POSITIVE,0.8884,gyro_z_var
PDFE31_1,PDFE31,1,,,18.508,19.608,0.0,0.0,FALSE_POSITIVE,0.7369,accel_rms
PDFE31_1,PDFE31,1,,,20.808,21.908,0.0,0.0,FALSE_POSITIVE,0.7186,stride_width
PDFE31_1,PDFE31,1,,,22.708,24.208,0.0,0.0,FALSE_POSITIVE,0.9117,gyro_z_var
PDFE31_1,PDFE31,1,,,28.808,31.208,0.0,0.0,FALSE_POSITIVE,0.8352,gyro_z_var
PDFE31_1,PDFE31,1,,,31.408,34.108,0.0,0.0,FALSE_POSITIVE,0.8491,gyro_z_var
PDFE31_1,PDFE31,1,,,36.308,37.808,0.0,0.0,FALSE_POSITIVE,0.881,gyro_z_var
PDFE31_1,PDFE31,1,,,42.108,47.808,0.0,0.0,FALSE_POSITIVE,0.9083,gyro_z_var
PDFE31_1,PDFE31,1,,,48.808,50.008,0.0,0.0,FALSE_POSITIVE,0.7081,stride_width
PDFE31_1,PDFE31,1,,,50.608,52.408,0.0,0.0,FALSE_POSITIVE,0.7969,gyro_z_var
PDFE31_1,PDFE31,1,55.797,58.507,55.408,57.608,1.811,0.5844,TRUE_POSITIVE,0.8711,gyro_z_var
PDFE31_1,PDFE31,1,55.797,58.507,58.008,61.208,0.499,0.0922,FRAGMENTED_OVERLAP,0.8711,gyro_z_var
PDFE31_1,PDFE31,1,,,62.008,64.108,0.0,0.0,FALSE_POSITIVE,0.8299,gyro_z_var
PDFE31_1,PDFE31,1,,,65.908,67.708,0.0,0.0,FALSE_POSITIVE,0.9282,gyro_z_var
PDFE31_1,PDFE31,1,,,73.408,75.408,0.0,0.0,FALSE_POSITIVE,0.8604,gyro_z_var
PDFE31_1,PDFE31,1,,,76.208,79.808,0.0,0.0,FALSE_POSITIVE,0.8164,gyro_z_var
PDFE31_1,PDFE31,1,,,80.008,81.708,0.0,0.0,FALSE_POSITIVE,0.8561,gyro_z_var
PDFE31_1,PDFE31,1,,,86.408,90.408,0.0,0.0,FALSE_POSITIVE,0.8294,gyro_z_var
PDFE31_1,PDFE31,1,,,90.608,95.208,0.0,0.0,FALSE_POSITIVE,0.8253,gyro_z_var
PDFE31_1,PDFE31,1,,,95.408,97.508,0.0,0.0,FALSE_POSITIVE,0.914,gyro_z_var
PDFE31_1,PDFE31,1,,,99.808,101.108,0.0,0.0,FALSE_POSITIVE,0.7475,accel_rms
PDFE31_1,PDFE31,1,,,102.808,105.708,0.0,0.0,FALSE_POSITIVE,0.8764,gyro_z_var
PDFE31_1,PDFE31,1,,,106.108,112.808,0.0,0.0,FALSE_POSITIVE,0.7835,gyro_z_var
PDFE31_1,PDFE31,1,,,117.108,119.908,0.0,0.0,FALSE_POSITIVE,0.8767,gyro_z_var
PDFE31_2,PDFE31,2,,,0.008,1.008,0.0,0.0,FALSE_POSITIVE,0.6619,left_knee_angle
PDFE31_2,PDFE31,2,,,2.008,3.208,0.0,0.0,FALSE_POSITIVE,0.7934,gyro_x_var
PDFE31_2,PDFE31,2,,,4.908,6.108,0.0,0.0,FALSE_POSITIVE,0.818,accel_rms
PDFE31_2,PDFE31,2,,,9.608,11.108,0.0,0.0,FALSE_POSITIVE,0.849,gyro_z_var
PDFE31_2,PDFE31,2,,,12.708,14.508,0.0,0.0,FALSE_POSITIVE,0.6559,accel_rms
PDFE31_2,PDFE31,2,,,15.408,16.808,0.0,0.0,FALSE_POSITIVE,0.7357,stride_width
PDFE31_2,PDFE31,2,,,21.708,23.108,0.0,0.0,FALSE_POSITIVE,0.775,stride_width
PDFE31_2,PDFE31,2,,,26.508,27.708,0.0,0.0,FALSE_POSITIVE,0.8124,accel_rms
PDFE31_2,PDFE31,2,,,33.708,35.808,0.0,0.0,FALSE_POSITIVE,0.7658,gyro_z_var
PDFE31_2,PDFE31,2,,,36.008,38.008,0.0,0.0,FALSE_POSITIVE,0.7369,right_ankle_velocity
PDFE31_2,PDFE31,2,,,38.208,40.108,0.0,0.0,FALSE_POSITIVE,0.7387,gyro_x_var
PDFE31_2,PDFE31,2,,,40.508,42.408,0.0,0.0,FALSE_POSITIVE,0.7489,left_ankle_velocity
PDFE31_2,PDFE31,2,,,46.008,48.008,0.0,0.0,FALSE_POSITIVE,0.771,gyro_z_var
PDFE31_2,PDFE31,2,,,49.208,53.208,0.0,0.0,FALSE_POSITIVE,0.7944,left_ankle_velocity
PDFE31_2,PDFE31,2,,,53.308,55.308,0.0,0.0,FALSE_POSITIVE,0.7899,accel_rms
PDFE31_2,PDFE31,2,69.535,73.376,60.808,70.108,0.573,0.0456,TRUE_POSITIVE,0.8053,accel_rms
PDFE31_2,PDFE31,2,69.535,73.376,71.208,72.708,1.5,0.3905,FRAGMENTED_OVERLAP,0.948,gyro_z_var
PDFE31_2,PDFE31,2,,,78.108,81.408,0.0,0.0,FALSE_POSITIVE,0.8178,gyro_z_var
PDFE31_2,PDFE31,2,,,84.408,85.408,0.0,0.0,FALSE_POSITIVE,0.6822,stride_width
PDFE31_2,PDFE31,2,,,85.808,87.108,0.0,0.0,FALSE_POSITIVE,0.7146,left_ankle_velocity
PDFE31_2,PDFE31,2,,,90.908,94.808,0.0,0.0,FALSE_POSITIVE,0.7823,gyro_z_var
PDFE31_2,PDFE31,2,,,95.008,96.008,0.0,0.0,FALSE_POSITIVE,0.6298,accel_rms
PDFE31_2,PDFE31,2,,,96.808,99.108,0.0,0.0,FALSE_POSITIVE,0.7045,stride_width
PDFE31_2,PDFE31,2,,,99.208,101.808,0.0,0.0,FALSE_POSITIVE,0.8276,accel_rms
PDFE31_2,PDFE31,2,,,106.208,108.408,0.0,0.0,FALSE_POSITIVE,0.8081,gyro_z_var
PDFE31_2,PDFE31,2,114.47,117.436,109.208,115.108,0.638,0.0775,TRUE_POSITIVE,0.7491,gyro_x_var
PDFE31_2,PDFE31,2,114.47,117.436,115.408,117.108,1.7,0.5732,FRAGMENTED_OVERLAP,0.8085,gyro_z_var
PDFE31_2,PDFE31,2,58.525,60.958,,,0.0,0.0,FALSE_NEGATIVE,0.0,None
PDFE31_3,PDFE31,3,,,11.108,12.208,0.0,0.0,FALSE_POSITIVE,0.7548,gyro_x_var
PDFE31_3,PDFE31,3,,,53.708,55.208,0.0,0.0,FALSE_POSITIVE,0.8019,gyro_x_var
PDFE31_3,PDFE31,3,,,63.408,64.408,0.0,0.0,FALSE_POSITIVE,0.7569,gyro_x_var
PDFE31_3,PDFE31,3,,,65.508,66.608,0.0,0.0,FALSE_POSITIVE,0.7188,gyro_x_var
PDFE31_3,PDFE31,3,69.938,71.667,68.808,70.008,0.07,0.0245,TRUE_POSITIVE,0.8157,gyro_x_var
PDFE31_3,PDFE31,3,59.849,62.068,,,0.0,0.0,FALSE_NEGATIVE,0.0,None
PDFE31_3,PDFE31,3,106.598,108.284,,,0.0,0.0,FALSE_NEGATIVE,0.0,None
PDFE32_1,PDFE32,1,,,39.508,40.508,0.0,0.0,FALSE_POSITIVE,0.6513,gyro_z_var
PDFE32_1,PDFE32,1,,,63.708,64.708,0.0,0.0,FALSE_POSITIVE,0.9345,gyro_z_var
PDFE32_1,PDFE32,1,,,80.208,81.608,0.0,0.0,FALSE_POSITIVE,0.6725,gyro_z_var
PDFE32_1,PDFE32,1,,,83.908,85.208,0.0,0.0,FALSE_POSITIVE,0.8817,gyro_z_var
PDFE32_1,PDFE32,1,,,88.408,89.408,0.0,0.0,FALSE_POSITIVE,0.9285,gyro_z_var
PDFE32_1,PDFE32,1,95.998,96.943,94.908,96.308,0.31,0.1523,TRUE_POSITIVE,0.8347,gyro_z_var
PDFE32_1,PDFE32,1,,,105.608,106.808,0.0,0.0,FALSE_POSITIVE,0.9338,gyro_z_var
PDFE32_1,PDFE32,1,,,109.308,110.508,0.0,0.0,FALSE_POSITIVE,0.7666,gyro_z_var
PDFE32_1,PDFE32,1,,,113.008,114.008,0.0,0.0,FALSE_POSITIVE,0.698,gyro_z_var
PDFE32_1,PDFE32,1,,,116.208,117.708,0.0,0.0,FALSE_POSITIVE,0.693,gyro_z_var
PDFE32_1,PDFE32,1,54.493,55.339,,,0.0,0.0,FALSE_NEGATIVE,0.0,None
PDFE32_2,PDFE32,2,,,11.708,12.908,0.0,0.0,FALSE_POSITIVE,0.7894,gyro_x_var
PDFE32_2,PDFE32,2,,,25.908,27.008,0.0,0.0,FALSE_POSITIVE,0.7576,gyro_x_var
PDFE32_2,PDFE32,2,,,35.008,36.108,0.0,0.0,FALSE_POSITIVE,0.9057,gyro_x_var
PDFE32_2,PDFE32,2,,,37.908,38.908,0.0,0.0,FALSE_POSITIVE,0.6899,gyro_x_var
PDFE32_2,PDFE32,2,,,57.908,59.208,0.0,0.0,FALSE_POSITIVE,0.7964,gyro_x_var
PDFE32_2,PDFE32,2,,,82.608,83.908,0.0,0.0,FALSE_POSITIVE,0.8908,gyro_x_var
PDFE32_2,PDFE32,2,,,85.808,86.808,0.0,0.0,FALSE_POSITIVE,0.9322,gyro_x_var
PDFE32_2,PDFE32,2,,,89.208,90.308,0.0,0.0,FALSE_POSITIVE,0.7402,gyro_x_var
PDFE32_2,PDFE32,2,,,95.208,96.608,0.0,0.0,FALSE_POSITIVE,0.9156,gyro_x_var
PDFE32_2,PDFE32,2,,,109.808,110.908,0.0,0.0,FALSE_POSITIVE,0.7791,gyro_x_var
PDFE32_2,PDFE32,2,,,118.508,119.908,0.0,0.0,FALSE_POSITIVE,0.9442,gyro_x_var
PDFE32_3,PDFE32,3,,,25.108,26.408,0.0,0.0,FALSE_POSITIVE,0.9102,gyro_z_var
PDFE32_3,PDFE32,3,,,28.008,29.008,0.0,0.0,FALSE_POSITIVE,0.8001,gyro_z_var
PDFE32_3,PDFE32,3,,,33.608,34.908,0.0,0.0,FALSE_POSITIVE,0.8214,gyro_z_var
PDFE32_3,PDFE32,3,,,45.808,47.008,0.0,0.0,FALSE_POSITIVE,0.8846,gyro_z_var
PDFE32_3,PDFE32,3,,,48.908,50.108,0.0,0.0,FALSE_POSITIVE,0.8473,gyro_z_var
PDFE32_3,PDFE32,3,,,52.108,53.208,0.0,0.0,FALSE_POSITIVE,0.7705,gyro_z_var
PDFE32_3,PDFE32,3,,,60.608,61.608,0.0,0.0,FALSE_POSITIVE,0.882,gyro_z_var
PDFE32_3,PDFE32,3,,,65.908,67.208,0.0,0.0,FALSE_POSITIVE,0.8118,gyro_z_var
PDFE32_3,PDFE32,3,,,75.008,76.008,0.0,0.0,FALSE_POSITIVE,0.6712,gyro_z_var
PDFE32_3,PDFE32,3,,,77.808,79.008,0.0,0.0,FALSE_POSITIVE,0.83,gyro_z_var
PDFE32_3,PDFE32,3,,,84.208,85.208,0.0,0.0,FALSE_POSITIVE,0.813,gyro_z_var
PDFE32_3,PDFE32,3,,,90.108,91.508,0.0,0.0,FALSE_POSITIVE,0.9079,gyro_z_var
PDFE32_3,PDFE32,3,,,99.608,100.708,0.0,0.0,FALSE_POSITIVE,0.9081,gyro_z_var
PDFE32_3,PDFE32,3,,,112.308,113.308,0.0,0.0,FALSE_POSITIVE,0.67,gyro_z_var
PDFE32_3,PDFE32,3,,,115.808,117.108,0.0,0.0,FALSE_POSITIVE,0.7713,gyro_z_var
PDFE32_3,PDFE32,3,,,118.908,119.908,0.0,0.0,FALSE_POSITIVE,0.9838,gyro_z_var
PDFE33_1,PDFE33,1,,,0.508,5.408,0.0,0.0,FALSE_POSITIVE,0.8613,gyro_x_var
PDFE33_1,PDFE33,1,,,6.308,7.708,0.0,0.0,FALSE_POSITIVE,0.7281,gyro_x_var
PDFE33_1,PDFE33,1,,,8.908,10.208,0.0,0.0,FALSE_POSITIVE,0.8233,gyro_x_var
PDFE33_1,PDFE33,1,,,17.808,19.808,0.0,0.0,FALSE_POSITIVE,0.8627,gyro_x_var
PDFE33_1,PDFE33,1,,,21.808,22.808,0.0,0.0,FALSE_POSITIVE,0.6046,gyro_x_var
PDFE33_1,PDFE33,1,53.509,58.939,56.608,57.608,1.0,0.1842,TRUE_POSITIVE,0.6,gyro_x_var
PDFE33_1,PDFE33,1,,,62.208,63.708,0.0,0.0,FALSE_POSITIVE,0.7074,gyro_x_var
PDFE33_1,PDFE33,1,,,63.808,65.808,0.0,0.0,FALSE_POSITIVE,0.7838,gyro_x_var
PDFE33_1,PDFE33,1,,,70.008,71.608,0.0,0.0,FALSE_POSITIVE,0.6781,accel_rms
PDFE33_1,PDFE33,1,,,74.608,75.608,0.0,0.0,FALSE_POSITIVE,0.6664,accel_rms
PDFE33_1,PDFE33,1,78.628,100.005,80.608,82.608,2.0,0.0936,TRUE_POSITIVE,0.61,gyro_x_var
PDFE33_1,PDFE33,1,78.628,100.005,82.708,84.508,1.8,0.0842,FRAGMENTED_OVERLAP,0.6067,gyro_x_var
PDFE33_1,PDFE33,1,78.628,100.005,84.708,86.608,1.9,0.0889,FRAGMENTED_OVERLAP,0.7413,gyro_x_var
PDFE33_1,PDFE33,1,78.628,100.005,86.808,89.908,3.1,0.145,FRAGMENTED_OVERLAP,0.6889,gyro_x_var
PDFE33_1,PDFE33,1,78.628,100.005,91.608,93.208,1.6,0.0748,FRAGMENTED_OVERLAP,0.702,gyro_x_var
PDFE33_1,PDFE33,1,78.628,100.005,94.608,95.608,1.0,0.0468,FRAGMENTED_OVERLAP,0.6563,gyro_x_var
PDFE33_1,PDFE33,1,78.628,100.005,97.208,98.508,1.3,0.0608,FRAGMENTED_OVERLAP,0.6364,gyro_x_var
PDFE33_1,PDFE33,1,,,100.108,101.108,0.0,0.0,FALSE_POSITIVE,0.6865,stride_width
PDFE33_1,PDFE33,1,104.172,109.335,103.808,104.908,0.736,0.1332,TRUE_POSITIVE,0.6807,right_ankle_velocity
PDFE33_1,PDFE33,1,,,112.808,113.808,0.0,0.0,FALSE_POSITIVE,0.6644,gyro_x_var
PDFE33_1,PDFE33,1,25.971,27.508,,,0.0,0.0,FALSE_NEGATIVE,0.0,None
PDFE33_1,PDFE33,1,46.06,49.431,,,0.0,0.0,FALSE_NEGATIVE,0.0,None
PDFE33_1,PDFE33,1,114.581,120.0,,,0.0,0.0,FALSE_NEGATIVE,0.0,None
PDFE34_1,PDFE34,1,,,0.208,1.808,0.0,0.0,FALSE_POSITIVE,0.6723,stride_width
PDFE34_1,PDFE34,1,,,2.908,3.908,0.0,0.0,FALSE_POSITIVE,0.7492,stride_width
PDFE34_1,PDFE34,1,,,5.508,6.508,0.0,0.0,FALSE_POSITIVE,0.8036,stride_width
PDFE34_1,PDFE34,1,13.593,17.86,10.808,19.308,4.267,0.502,TRUE_POSITIVE,0.7987,left_ankle_velocity
PDFE34_1,PDFE34,1,,,19.708,27.708,0.0,0.0,FALSE_POSITIVE,0.6947,right_knee_angle
PDFE34_1,PDFE34,1,,,30.308,35.908,0.0,0.0,FALSE_POSITIVE,0.7214,stride_width
PDFE34_1,PDFE34,1,,,36.308,38.408,0.0,0.0,FALSE_POSITIVE,0.737,accel_rms
PDFE34_1,PDFE34,1,,,39.108,40.108,0.0,0.0,FALSE_POSITIVE,0.634,left_ankle_velocity
PDFE34_1,PDFE34,1,44.262,52.881,40.408,44.308,0.046,0.0037,TRUE_POSITIVE,0.757,left_ankle_velocity
PDFE34_1,PDFE34,1,44.262,52.881,45.708,53.008,7.173,0.8201,FRAGMENTED_OVERLAP,0.7824,left_knee_angle
PDFE34_1,PDFE34,1,,,53.208,58.908,0.0,0.0,FALSE_POSITIVE,0.7085,right_ankle_velocity
PDFE34_1,PDFE34,1,83.447,95.736,62.308,83.508,0.061,0.0018,TRUE_POSITIVE,0.7546,left_knee_angle
PDFE34_1,PDFE34,1,83.447,95.736,86.208,88.208,2.0,0.1627,FRAGMENTED_OVERLAP,0.8397,gyro_x_var
PDFE34_1,PDFE34,1,83.447,95.736,88.508,106.608,7.228,0.3121,FRAGMENTED_OVERLAP,0.7434,left_ankle_velocity
PDFE34_1,PDFE34,1,,,107.108,111.608,0.0,0.0,FALSE_POSITIVE,0.7812,left_knee_angle
PDFE34_1,PDFE34,1,,,112.108,119.908,0.0,0.0,FALSE_POSITIVE,0.7307,left_ankle_velocity
PDFE35_1,PDFE35,1,,,3.308,5.208,0.0,0.0,FALSE_POSITIVE,0.7454,right_knee_angle
PDFE35_1,PDFE35,1,,,10.008,11.908,0.0,0.0,FALSE_POSITIVE,0.7671,left_ankle_velocity
PDFE35_1,PDFE35,1,,,15.708,18.408,0.0,0.0,FALSE_POSITIVE,0.6769,right_knee_angle
PDFE35_1,PDFE35,1,,,22.108,24.308,0.0,0.0,FALSE_POSITIVE,0.7141,right_knee_angle
PDFE35_1,PDFE35,1,,,28.608,29.708,0.0,0.0,FALSE_POSITIVE,0.6524,left_knee_angle
PDFE35_1,PDFE35,1,,,35.108,37.308,0.0,0.0,FALSE_POSITIVE,0.8034,gyro_z_var
PDFE35_1,PDFE35,1,,,41.008,44.208,0.0,0.0,FALSE_POSITIVE,0.7259,left_ankle_velocity
PDFE35_1,PDFE35,1,,,48.708,50.208,0.0,0.0,FALSE_POSITIVE,0.7651,gyro_z_var
PDFE35_1,PDFE35,1,,,55.408,56.408,0.0,0.0,FALSE_POSITIVE,0.8385,gyro_z_var
PDFE35_1,PDFE35,1,,,62.808,65.608,0.0,0.0,FALSE_POSITIVE,0.6538,right_knee_angle
PDFE35_1,PDFE35,1,,,69.808,71.708,0.0,0.0,FALSE_POSITIVE,0.7303,left_knee_angle
PDFE35_1,PDFE35,1,,,71.808,73.008,0.0,0.0,FALSE_POSITIVE,0.69,right_knee_angle
PDFE35_1,PDFE35,1,,,77.708,78.708,0.0,0.0,FALSE_POSITIVE,0.6958,left_ankle_velocity
PDFE35_1,PDFE35,1,,,78.908,80.708,0.0,0.0,FALSE_POSITIVE,0.6766,right_knee_angle
PDFE35_1,PDFE35,1,,,84.708,85.708,0.0,0.0,FALSE_POSITIVE,0.683,gyro_z_var
PDFE35_1,PDFE35,1,,,85.808,88.708,0.0,0.0,FALSE_POSITIVE,0.6962,left_knee_angle
PDFE35_1,PDFE35,1,,,93.508,97.608,0.0,0.0,FALSE_POSITIVE,0.7515,gyro_z_var
PDFE35_1,PDFE35,1,,,100.708,102.508,0.0,0.0,FALSE_POSITIVE,0.6952,stride_width
PDFE35_1,PDFE35,1,,,109.208,113.108,0.0,0.0,FALSE_POSITIVE,0.6896,right_knee_angle
PDFE35_1,PDFE35,1,,,116.208,118.808,0.0,0.0,FALSE_POSITIVE,0.7035,left_knee_angle
PDFE35_2,PDFE35,2,,,2.308,4.208,0.0,0.0,FALSE_POSITIVE,0.8005,gyro_z_var
PDFE35_2,PDFE35,2,,,10.608,12.708,0.0,0.0,FALSE_POSITIVE,0.7084,gyro_z_var
PDFE35_2,PDFE35,2,,,18.908,20.308,0.0,0.0,FALSE_POSITIVE,0.6645,gyro_z_var
PDFE35_2,PDFE35,2,,,23.508,24.508,0.0,0.0,FALSE_POSITIVE,0.8904,gyro_z_var
PDFE35_2,PDFE35,2,,,26.908,28.608,0.0,0.0,FALSE_POSITIVE,0.873,gyro_z_var
PDFE35_2,PDFE35,2,,,35.408,38.008,0.0,0.0,FALSE_POSITIVE,0.7999,gyro_z_var
PDFE35_2,PDFE35,2,,,41.308,42.708,0.0,0.0,FALSE_POSITIVE,0.6936,gyro_z_var
PDFE35_2,PDFE35,2,,,45.308,47.608,0.0,0.0,FALSE_POSITIVE,0.782,gyro_z_var
PDFE35_2,PDFE35,2,,,51.308,52.608,0.0,0.0,FALSE_POSITIVE,0.7456,gyro_z_var
PDFE35_2,PDFE35,2,,,55.808,58.008,0.0,0.0,FALSE_POSITIVE,0.8652,gyro_z_var
PDFE35_2,PDFE35,2,,,61.508,62.608,0.0,0.0,FALSE_POSITIVE,0.8382,gyro_z_var
PDFE35_2,PDFE35,2,,,65.908,68.008,0.0,0.0,FALSE_POSITIVE,0.6877,gyro_z_var
PDFE35_2,PDFE35,2,,,71.408,72.508,0.0,0.0,FALSE_POSITIVE,0.8666,gyro_z_var
PDFE35_2,PDFE35,2,,,76.108,78.408,0.0,0.0,FALSE_POSITIVE,0.7148,gyro_z_var
PDFE35_2,PDFE35,2,,,81.908,83.108,0.0,0.0,FALSE_POSITIVE,0.828,gyro_z_var
PDFE35_2,PDFE35,2,,,86.208,87.308,0.0,0.0,FALSE_POSITIVE,0.8464,gyro_z_var
PDFE35_2,PDFE35,2,,,91.508,92.608,0.0,0.0,FALSE_POSITIVE,0.7705,gyro_z_var
PDFE35_2,PDFE35,2,,,96.108,98.808,0.0,0.0,FALSE_POSITIVE,0.7512,gyro_z_var
PDFE35_2,PDFE35,2,,,102.808,104.408,0.0,0.0,FALSE_POSITIVE,0.7633,gyro_z_var
PDFE35_2,PDFE35,2,,,107.408,109.508,0.0,0.0,FALSE_POSITIVE,0.8068,gyro_z_var
PDFE35_2,PDFE35,2,,,117.808,119.708,0.0,0.0,FALSE_POSITIVE,0.8092,gyro_z_var
PDFE35_3,PDFE35,3,,,1.908,2.908,0.0,0.0,FALSE_POSITIVE,0.7645,gyro_z_var
PDFE35_3,PDFE35,3,,,8.808,10.208,0.0,0.0,FALSE_POSITIVE,0.8049,gyro_z_var
PDFE35_3,PDFE35,3,,,13.408,14.408,0.0,0.0,FALSE_POSITIVE,0.8484,gyro_z_var
PDFE35_3,PDFE35,3,,,17.108,18.308,0.0,0.0,FALSE_POSITIVE,0.7756,gyro_z_var
PDFE35_3,PDFE35,3,,,21.608,22.708,0.0,0.0,FALSE_POSITIVE,0.6828,gyro_z_var
PDFE35_3,PDFE35,3,,,25.208,26.208,0.0,0.0,FALSE_POSITIVE,0.6225,gyro_z_var
PDFE35_3,PDFE35,3,,,29.608,31.208,0.0,0.0,FALSE_POSITIVE,0.6939,gyro_z_var
PDFE35_3,PDFE35,3,,,42.308,43.408,0.0,0.0,FALSE_POSITIVE,0.7211,gyro_z_var
PDFE35_3,PDFE35,3,,,47.208,48.408,0.0,0.0,FALSE_POSITIVE,0.7109,gyro_z_var
PDFE35_3,PDFE35,3,,,55.508,56.908,0.0,0.0,FALSE_POSITIVE,0.8517,gyro_z_var
PDFE35_3,PDFE35,3,,,59.208,60.308,0.0,0.0,FALSE_POSITIVE,0.6706,gyro_z_var
PDFE35_3,PDFE35,3,,,67.908,68.908,0.0,0.0,FALSE_POSITIVE,0.6392,gyro_z_var
PDFE35_3,PDFE35,3,,,72.908,74.308,0.0,0.0,FALSE_POSITIVE,0.9504,gyro_z_var
PDFE35_3,PDFE35,3,,,77.008,78.008,0.0,0.0,FALSE_POSITIVE,0.6013,gyro_z_var
PDFE35_3,PDFE35,3,,,81.808,83.408,0.0,0.0,FALSE_POSITIVE,0.7303,gyro_z_var
PDFE35_3,PDFE35,3,,,85.508,87.208,0.0,0.0,FALSE_POSITIVE,0.7446,gyro_z_var
PDFE35_3,PDFE35,3,,,90.408,91.408,0.0,0.0,FALSE_POSITIVE,0.6845,gyro_z_var
PDFE35_3,PDFE35,3,,,94.208,96.008,0.0,0.0,FALSE_POSITIVE,0.6758,gyro_z_var
PDFE35_3,PDFE35,3,,,99.208,100.808,0.0,0.0,FALSE_POSITIVE,0.6393,gyro_z_var
PDFE35_3,PDFE35,3,,,112.808,113.808,0.0,0.0,FALSE_POSITIVE,0.9229,gyro_z_var
PDFE35_3,PDFE35,3,,,117.708,118.708,0.0,0.0,FALSE_POSITIVE,0.7842,gyro_z_var
